Date,Time,HomeTeam,AwayTeam,FTHG,FTAG,FTR,HTHG,HTAG,HTR
12/09/2020,12:30,Fulham,Arsenal,0,3,A,0,1,A
12/09/2020,15:00,Crystal Palace,Southampton,1,0,H,1,0,H
12/09/2020,17:30,Liverpool,Leeds,4,3,H,3,2,H
12/09/2020,20:00,West Ham,Newcastle,0,2,A,0,0,D
13/09/2020,14:00,West Brom,Leicester,0,3,A,0,0,D
13/09/2020,16:30,Tottenham,Everton,0,1,A,0,0,D
14/09/2020,20:15,Brighton,Chelsea,1,3,A,0,1,A
14/09/2020,18:00,Sheffield United,Wolves,0,2,A,0,2,A
19/09/2020,12:30,Everton,West Brom,2,2,H,2,1,H
19/09/2020,15:00,Leeds,Fulham,4,3,H,2,1,H
19/09/2020,17:30,Man United,Crystal Palace,1,3,A,0,1,A
19/09/2020,20:00,Arsenal,West Ham,2,1,H,1,1,D
20/09/2020,12:00,Southampton,Tottenham,2,5,A,1,1,D
20/09/2020,14:00,Newcastle,Brighton,0,3,A,0,2,A
20/09/2020,16:30,Chelsea,Liverpool,0,2,A,0,0,D
20/09/2020,19:00,Leicester,Burnley,4,2,H,1,1,D
21/09/2020,18:00,Aston Villa,Sheffield United,1,0,H,0,0,D
21/09/2020,20:15,Wolves,Man City,1,3,A,0,2,A
26/09/2020,12:30,Brighton,Man United,2,3,A,1,1,D
26/09/2020,15:00,Crystal Palace,Everton,1,2,A,1,2,A
26/09/2020,17:30,West Brom,Chelsea,3,3,D,3,0,H
26/09/2020,20:00,Burnley,Southampton,0,1,A,0,1,A
27/09/2020,12:00,Sheffield United,Leeds,0,1,A,0,0,D
27/09/2020,14:00,Tottenham,Newcastle,1,1,D,1,0,H
27/09/2020,16:30,Man City,Leicester,2,5,A,1,1,D
27/09/2020,19:00,West Ham,Wolves,4,0,H,1,0,H
28/09/2020,17:45,Fulham,Aston Villa,0,3,A,0,2,A
28/09/2020,20:00,Liverpool,Arsenal,3,1,H,2,1,H
03/10/2020,12:30,Chelsea,Crystal Palace,4,0,H,0,0,D
03/10/2020,15:00,Everton,Brighton,4,2,H,2,1,H
03/10/2020,17:30,Leeds,Man City,1,1,D,0,1,A
03/10/2020,20:00,Newcastle,Burnley,3,1,H,1,0,H
04/10/2020,12:00,Leicester,West Ham,0,3,A,0,2,A
04/10/2020,12:00,Southampton,West Brom,2,0,H,1,0,H
04/10/2020,14:00,Arsenal,Sheffield United,2,1,H,0,0,D
04/10/2020,14:00,Wolves,Fulham,1,0,H,0,0,D
04/10/2020,16:30,Man United,Tottenham,1,6,A,1,4,A
04/10/2020,19:15,Aston Villa,Liverpool,7,2,H,4,1,H
17/10/2020,12:30,Everton,Liverpool,2,2,D,1,1,D
17/10/2020,15:00,Chelsea,Southampton,3,3,D,2,1,H
17/10/2020,17:30,Man City,Arsenal,1,0,H,1,0,H
17/10/2020,20:00,Newcastle,Man United,1,4,A,1,1,D
18/10/2020,12:00,Sheffield United,Fulham,1,1,D,0,0,D
18/10/2020,14:00,Crystal Palace,Brighton,1,1,D,1,0,H
18/10/2020,16:30,Tottenham,West Ham,3,3,D,3,0,H
18/10/2020,19:15,Leicester,Aston Villa,0,1,A,0,0,D
19/10/2020,17:30,West Brom,Burnley,0,0,D,0,0,D
19/10/2020,20:00,Leeds,Wolves,0,1,A,0,0,D
23/10/2020,20:00,Aston Villa,Leeds,0,3,A,0,0,D
24/10/2020,12:30,West Ham,Man City,1,1,D,1,0,H
24/10/2020,15:00,Fulham,Crystal Palace,1,2,A,0,1,A
24/10/2020,17:30,Man United,Chelsea,0,0,D,0,0,D
24/10/2020,20:00,Liverpool,Sheffield United,2,1,H,1,1,D
25/10/2020,14:00,Southampton,Everton,2,0,H,2,0,H
25/10/2020,16:30,Wolves,Newcastle,1,1,D,0,0,D
25/10/2020,19:15,Arsenal,Leicester,0,1,A,0,0,D
26/10/2020,17:30,Brighton,West Brom,1,1,D,1,0,H
26/10/2020,20:00,Burnley,Tottenham,0,1,A,0,0,D
30/10/2020,20:00,Wolves,Crystal Palace,2,0,H,2,0,H
31/10/2020,12:30,Sheffield United,Man City,0,1,A,0,1,A
31/10/2020,15:00,Burnley,Chelsea,0,3,A,0,1,A
31/10/2020,17:30,Liverpool,West Ham,2,1,H,1,1,D
01/11/2020,12:00,Aston Villa,Southampton,3,4,A,0,3,A
01/11/2020,14:00,Newcastle,Everton,2,1,H,0,0,D
01/11/2020,16:30,Man United,Arsenal,0,1,A,0,0,D
01/11/2020,19:15,Tottenham,Brighton,2,1,H,1,0,H
02/11/2020,17:30,Fulham,West Brom,2,0,H,2,0,H
02/11/2020,20:00,Leeds,Leicester,1,4,A,0,2,A
06/11/2020,17:30,Brighton,Burnley,0,0,D,0,0,D
06/11/2020,20:00,Southampton,Newcastle,2,0,H,1,0,H
07/11/2020,12:30,Everton,Man United,1,3,A,1,2,A
07/11/2020,15:00,Crystal Palace,Leeds,4,1,H,3,1,H
07/11/2020,17:30,Chelsea,Sheffield United,4,1,H,2,1,H
07/11/2020,20:00,West Ham,Fulham,1,0,H,0,0,D
08/11/2020,12:00,West Brom,Tottenham,0,1,A,0,0,D
08/11/2020,14:00,Leicester,Wolves,1,0,H,1,0,H
08/11/2020,16:30,Man City,Liverpool,1,1,D,1,1,D
08/11/2020,19:15,Arsenal,Aston Villa,0,3,A,0,1,A
21/11/2020,12:30,Newcastle,Chelsea,0,2,A,0,1,A
21/11/2020,15:00,Aston Villa,Brighton,1,2,A,0,1,A
21/11/2020,17:30,Tottenham,Man City,2,0,H,1,0,H
21/11/2020,20:00,Man United,West Brom,1,0,H,0,0,D
22/11/2020,12:00,Fulham,Everton,2,3,A,1,3,A
22/11/2020,14:00,Sheffield United,West Ham,0,1,A,0,0,D
22/11/2020,16:30,Leeds,Arsenal,0,0,D,0,0,D
22/11/2020,19:15,Liverpool,Leicester,3,0,H,2,0,H
23/11/2020,17:30,Burnley,Crystal Palace,1,0,H,1,0,H
23/11/2020,20:00,Wolves,Southampton,1,1,D,0,0,D
27/11/2020,20:00,Crystal Palace,Newcastle,0,2,A,0,0,D
28/11/2020,12:30,Brighton,Liverpool,1,1,D,0,0,D
28/11/2020,15:00,Man City,Burnley,5,0,H,3,0,H
28/11/2020,17:30,Everton,Leeds,0,1,A,0,0,D
28/11/2020,20:00,West Brom,Sheffield United,1,0,H,1,0,H
29/11/2020,14:00,Southampton,Man United,2,3,A,2,0,H
29/11/2020,16:30,Chelsea,Tottenham,0,0,D,0,0,D
29/11/2020,19:15,Arsenal,Wolves,1,2,A,1,2,A
30/11/2020,17:30,Leicester,Fulham,1,2,A,0,2,A
30/11/2020,20:00,West Ham,Aston Villa,2,1,H,1,1,D
05/12/2020,12:30,Burnley,Everton,1,1,D,1,1,D
05/12/2020,15:00,Man City,Fulham,2,0,H,2,0,H
05/12/2020,17:30,West Ham,Man United,1,3,A,1,0,H
05/12/2020,20:00,Chelsea,Leeds,3,1,H,1,1,D
06/12/2020,12:00,West Brom,Crystal Palace,1,5,A,1,1,D
06/12/2020,14:15,Sheffield United,Leicester,1,2,A,1,1,D
06/12/2020,16:30,Tottenham,Arsenal,2,0,H,2,0,H
06/12/2020,19:15,Liverpool,Wolves,4,0,H,1,0,H
07/12/2020,20:00,Brighton,Southampton,1,2,A,1,1,D
11/12/2020,20:00,Leeds,West Ham,1,2,A,1,1,D
12/12/2020,12:30,Wolves,Aston Villa,0,1,A,0,0,D
12/12/2020,15:00,Newcastle,West Brom,2,1,H,1,0,H
12/12/2020,17:30,Man United,Man City,0,0,D,0,0,D
12/12/2020,20:00,Everton,Chelsea,1,0,H,1,0,H
13/12/2020,12:00,Southampton,Sheffield United,3,0,H,1,0,H
13/12/2020,14:15,Crystal Palace,Tottenham,1,1,D,0,1,A
13/12/2020,16:30,Fulham,Liverpool,1,1,D,1,0,H
13/12/2020,19:15,Arsenal,Burnley,0,1,A,0,0,D
13/12/2020,19:15,Leicester,Brighton,3,0,H,3,0,H
15/12/2020,18:00,Wolves,Chelsea,2,1,H,0,0,D
15/12/2020,20:00,Man City,West Brom,1,1,D,1,1,D
16/12/2020,18:00,Arsenal,Southampton,1,1,D,0,1,A
16/12/2020,18:00,Leeds,Newcastle,5,2,H,1,1,D
16/12/2020,18:00,Leicester,Everton,0,2,A,0,1,A
16/12/2020,20:00,Fulham,Brighton,0,0,D,0,0,D
16/12/2020,20:00,Liverpool,Tottenham,2,1,H,1,1,D
16/12/2020,20:00,West Ham,Crystal Palace,1,1,D,0,1,A
17/12/2020,18:00,Aston Villa,Burnley,0,0,D,0,0,D
17/12/2020,20:00,Sheffield United,Man United,2,3,A,1,2,A
19/12/2020,12:30,Crystal Palace,Liverpool,0,7,A,0,3,A
19/12/2020,15:00,Southampton,Man City,0,1,A,0,1,A
19/12/2020,17:30,Everton,Arsenal,2,1,H,2,1,H
19/12/2020,20:00,Newcastle,Fulham,1,1,D,0,1,A
20/12/2020,12:00,Brighton,Sheffield United,1,1,D,0,0,D
20/12/2020,14:15,Tottenham,Leicester,0,2,A,0,1,A
20/12/2020,16:30,Man United,Leeds,6,2,H,4,1,H
20/12/2020,19:15,West Brom,Aston Villa,0,3,A,0,1,A
21/12/2020,17:30,Burnley,Wolves,2,1,H,1,0,H
21/12/2020,20:00,Chelsea,West Ham,3,0,H,1,0,H
26/12/2020,12:30,Leicester,Man United,2,2,D,1,1,D
26/12/2020,15:00,Aston Villa,Crystal Palace,3,0,H,1,0,H
26/12/2020,15:00,Fulham,Southampton,0,0,D,0,0,D
26/12/2020,17:30,Arsenal,Chelsea,3,1,H,2,0,H
26/12/2020,20:00,Man City,Newcastle,2,0,H,1,0,H
26/12/2020,20:00,Sheffield United,Everton,0,1,A,0,0,D
27/12/2020,12:00,Leeds,Burnley,1,0,H,1,0,H
27/12/2020,14:15,West Ham,Brighton,2,2,D,0,1,A
27/12/2020,16:30,Liverpool,West Brom,1,1,D,1,0,H
27/12/2020,19:15,Wolves,Tottenham,1,1,D,0,1,A
28/12/2020,15:00,Crystal Palace,Leicester,1,1,D,0,0,D
28/12/2020,17:30,Chelsea,Aston Villa,1,1,D,1,0,H
29/12/2020,18:00,Brighton,Arsenal,0,1,A,0,0,D
29/12/2020,18:00,Burnley,Sheffield United,1,0,H,1,0,H
29/12/2020,18:00,Southampton,West Ham,0,0,D,0,0,D
29/12/2020,18:00,West Brom,Leeds,0,5,A,0,4,A
29/12/2020,20:00,Man United,Wolves,1,0,H,0,0,D
30/12/2020,20:00,Newcastle,Liverpool,0,0,D,0,0,D
01/01/2021,17:30,Everton,West Ham,0,1,A,0,0,D
01/01/2021,20:00,Man United,Aston Villa,2,1,H,1,0,H
02/01/2021,12:30,Tottenham,Leeds,3,0,H,2,0,H
02/01/2021,15:00,Crystal Palace,Sheffield United,2,0,H,2,0,H
02/01/2021,17:30,Brighton,Wolves,3,3,D,1,3,A
02/01/2021,20:00,West Brom,Arsenal,0,4,A,0,2,A
03/01/2021,14:15,Newcastle,Leicester,1,2,A,0,0,D
03/01/2021,16:30,Chelsea,Man City,1,3,A,0,3,A
04/01/2021,20:00,Southampton,Liverpool,1,0,H,1,0,H
12/01/2021,18:00,Sheffield United,Newcastle,1,0,H,0,0,D
12/01/2021,20:15,Burnley,Man United,0,1,A,0,0,D
12/01/2021,20:15,Wolves,Everton,1,2,A,1,1,D
13/01/2021,18:00,Man City,Brighton,1,0,H,1,0,H
13/01/2021,20:15,Tottenham,Fulham,1,1,D,1,0,H
14/01/2021,20:00,Arsenal,Crystal Palace,0,0,D,0,0,D
16/01/2021,12:30,Wolves,West Brom,2,3,A,2,1,H
16/01/2021,15:00,Leeds,Brighton,0,1,A,0,1,A
16/01/2021,15:00,West Ham,Burnley,1,0,H,1,0,H
16/01/2021,17:30,Fulham,Chelsea,0,1,A,0,0,D
16/01/2021,20:00,Leicester,Southampton,2,0,H,1,0,H
17/01/2021,14:00,Sheffield United,Tottenham,1,3,A,0,2,A
17/01/2021,16:30,Liverpool,Man United,0,0,D,0,0,D
17/01/2021,19:15,Man City,Crystal Palace,4,0,H,1,0,H
18/01/2021,20:00,Arsenal,Newcastle,3,0,H,0,0,D
19/01/2021,18:00,West Ham,West Brom,2,1,H,1,0,H
19/01/2021,20:15,Leicester,Chelsea,2,0,H,2,0,H
20/01/2021,18:00,Man City,Aston Villa,2,0,H,0,0,D
20/01/2021,20:15,Fulham,Man United,1,2,A,1,1,D
21/01/2021,20:00,Liverpool,Burnley,0,1,A,0,0,D
23/01/2021,20:00,Aston Villa,Newcastle,2,0,H,2,0,H
26/01/2021,18:00,Crystal Palace,West Ham,2,3,A,1,2,A
26/01/2021,18:00,Newcastle,Leeds,1,2,A,0,1,A
26/01/2021,20:15,Southampton,Arsenal,1,3,A,1,2,A
26/01/2021,20:15,West Brom,Man City,0,5,A,0,4,A
27/01/2021,18:00,Burnley,Aston Villa,3,2,H,0,1,A
27/01/2021,18:00,Chelsea,Wolves,0,0,D,0,0,D
27/01/2021,19:30,Brighton,Fulham,0,0,D,0,0,D
27/01/2021,20:15,Everton,Leicester,1,1,D,1,0,H
27/01/2021,20:15,Man United,Sheffield United,1,2,A,0,1,A
28/01/2021,20:00,Tottenham,Liverpool,1,3,A,0,1,A
30/01/2021,12:30,Everton,Newcastle,0,2,A,0,0,D
30/01/2021,15:00,Crystal Palace,Wolves,1,0,H,0,0,D
30/01/2021,15:00,Man City,Sheffield United,1,0,H,1,0,H
30/01/2021,15:00,West Brom,Fulham,2,2,D,0,1,A
30/01/2021,17:30,Arsenal,Man United,0,0,D,0,0,D
30/01/2021,20:00,Southampton,Aston Villa,0,1,A,0,1,A
31/01/2021,12:00,Chelsea,Burnley,2,0,H,1,0,H
31/01/2021,14:00,Leicester,Leeds,1,3,A,1,1,D
31/01/2021,16:30,West Ham,Liverpool,1,3,A,0,0,D
31/01/2021,19:15,Brighton,Tottenham,1,0,H,1,0,H
02/02/2021,18:00,Sheffield United,West Brom,2,1,H,0,1,A
02/02/2021,18:00,Wolves,Arsenal,2,1,H,1,1,D
02/02/2021,20:15,Man United,Southampton,9,0,H,4,0,H
02/02/2021,20:15,Newcastle,Crystal Palace,1,2,A,1,2,A
03/02/2021,18:00,Burnley,Man City,0,2,A,0,2,A
03/02/2021,18:00,Fulham,Leicester,0,2,A,0,2,A
03/02/2021,19:30,Leeds,Everton,1,2,A,0,2,A
03/02/2021,20:15,Aston Villa,West Ham,1,3,A,0,0,D
03/02/2021,20:15,Liverpool,Brighton,0,1,A,0,0,D
04/02/2021,20:00,Tottenham,Chelsea,0,1,A,0,1,A
06/02/2021,12:30,Aston Villa,Arsenal,1,0,H,1,0,H
06/02/2021,15:00,Burnley,Brighton,1,1,D,0,1,A
06/02/2021,15:00,Newcastle,Southampton,3,2,H,3,1,H
06/02/2021,17:30,Fulham,West Ham,0,0,D,0,0,D
06/02/2021,20:00,Man United,Everton,3,3,D,2,0,H
07/02/2021,12:00,Tottenham,West Brom,2,0,H,0,0,D
07/02/2021,14:00,Wolves,Leicester,0,0,D,0,0,D
07/02/2021,16:30,Liverpool,Man City,1,4,A,0,0,D
07/02/2021,19:15,Sheffield United,Chelsea,1,2,A,0,1,A
08/02/2021,20:00,Leeds,Crystal Palace,2,0,H,1,0,H
13/02/2021,12:30,Leicester,Liverpool,3,1,H,0,0,D
13/02/2021,15:00,Crystal Palace,Burnley,0,3,A,0,2,A
13/02/2021,17:30,Man City,Tottenham,3,0,H,1,0,H
13/02/2021,20:00,Brighton,Aston Villa,0,0,D,0,0,D
14/02/2021,12:00,Southampton,Wolves,1,2,A,1,0,H
14/02/2021,14:00,West Brom,Man United,1,1,D,1,1,D
14/02/2021,16:30,Arsenal,Leeds,4,2,H,3,0,H
14/02/2021,19:00,Everton,Fulham,0,2,A,0,0,D
15/02/2021,18:00,West Ham,Sheffield United,3,0,H,1,0,H
15/02/2021,20:00,Chelsea,Newcastle,2,0,H,2,0,H
17/02/2021,18:00,Burnley,Fulham,1,1,D,0,0,D
17/02/2021,20:15,Everton,Man City,1,3,A,1,1,D
19/02/2021,20:00,Wolves,Leeds,1,0,H,0,0,D
20/02/2021,12:30,Southampton,Chelsea,1,1,D,1,0,H
20/02/2021,15:00,Burnley,West Brom,0,0,D,0,0,D
20/02/2021,17:30,Liverpool,Everton,0,2,A,0,1,A
20/02/2021,20:00,Fulham,Sheffield United,1,0,H,0,0,D
21/02/2021,12:00,West Ham,Tottenham,2,1,H,1,0,H
21/02/2021,14:05,Aston Villa,Leicester,1,2,A,0,2,A
21/02/2021,16:30,Arsenal,Man City,0,1,A,0,1,A
21/02/2021,19:00,Man United,Newcastle,3,1,H,1,1,D
22/02/2021,20:00,Brighton,Crystal Palace,1,2,A,0,1,A
23/02/2021,18:00,Leeds,Southampton,3,0,H,0,0,D
27/02/2021,12:30,Man City,West Ham,2,1,H,1,1,D
27/02/2021,15:00,West Brom,Brighton,1,0,H,1,0,H
27/02/2021,17:30,Leeds,Aston Villa,0,1,A,0,1,A
27/02/2021,20:00,Newcastle,Wolves,1,1,D,0,0,D
28/02/2021,12:00,Crystal Palace,Fulham,0,0,D,0,0,D
28/02/2021,12:00,Leicester,Arsenal,1,3,A,1,2,A
28/02/2021,14:00,Tottenham,Burnley,4,0,H,3,0,H
28/02/2021,16:30,Chelsea,Man United,0,0,D,0,0,D
28/02/2021,19:15,Sheffield United,Liverpool,0,2,A,0,0,D
01/03/2021,20:00,Everton,Southampton,1,0,H,1,0,H
02/03/2021,20:00,Man City,Wolves,4,1,H,1,0,H
03/03/2021,18:00,Burnley,Leicester,1,1,D,1,1,D
03/03/2021,18:00,Sheffield United,Aston Villa,1,0,H,1,0,H
03/03/2021,20:15,Crystal Palace,Man United,0,0,D,0,0,D
04/03/2021,18:00,Fulham,Tottenham,0,1,A,0,1,A
04/03/2021,18:00,West Brom,Everton,0,1,A,0,0,D
04/03/2021,20:15,Liverpool,Chelsea,0,1,A,0,1,A
06/03/2021,12:30,Burnley,Arsenal,1,1,D,1,1,D
06/03/2021,15:00,Sheffield United,Southampton,0,2,A,0,1,A
06/03/2021,17:30,Aston Villa,Wolves,0,0,D,0,0,D
06/03/2021,20:00,Brighton,Leicester,1,2,A,1,0,H
07/03/2021,12:00,West Brom,Newcastle,0,0,D,0,0,D
07/03/2021,14:00,Liverpool,Fulham,0,1,A,0,1,A
07/03/2021,16:30,Man City,Man United,0,2,A,0,1,A
07/03/2021,19:15,Tottenham,Crystal Palace,4,1,H,1,1,D
08/03/2021,18:00,Chelsea,Everton,2,0,H,1,0,H
08/03/2021,20:00,West Ham,Leeds,2,0,H,2,0,H
10/03/2021,18:00,Man City,Southampton,5,2,H,3,1,H
12/03/2021,20:00,Newcastle,Aston Villa,1,1,D,0,0,D
13/03/2021,12:30,Leeds,Chelsea,0,0,D,0,0,D
13/03/2021,15:00,Crystal Palace,West Brom,1,0,H,1,0,H
13/03/2021,17:30,Everton,Burnley,1,2,A,1,2,A
13/03/2021,20:00,Fulham,Man City,0,3,A,0,0,D
14/03/2021,12:00,Southampton,Brighton,1,2,A,1,1,D
14/03/2021,14:00,Leicester,Sheffield United,5,0,H,1,0,H
14/03/2021,16:30,Arsenal,Tottenham,2,1,H,1,1,D
14/03/2021,19:15,Man United,West Ham,1,0,H,0,0,D
15/03/2021,20:00,Wolves,Liverpool,0,1,A,0,1,A
19/03/2021,20:00,Fulham,Leeds,1,2,A,1,1,D
20/03/2021,20:00,Brighton,Newcastle,3,0,H,1,0,H
21/03/2021,15:00,West Ham,Arsenal,3,3,D,3,1,H
21/03/2021,19:30,Aston Villa,Tottenham,0,2,A,0,1,A
03/04/2021,12:30,Chelsea,West Brom,2,5,A,1,2,A
03/04/2021,15:00,Leeds,Sheffield United,2,1,H,1,1,D
03/04/2021,17:30,Leicester,Man City,0,2,A,0,0,D
03/04/2021,20:00,Arsenal,Liverpool,0,3,A,0,0,D
04/04/2021,12:00,Southampton,Burnley,3,2,H,2,2,D
04/04/2021,14:05,Newcastle,Tottenham,2,2,D,1,2,A
04/04/2021,16:30,Aston Villa,Fulham,3,1,H,0,0,D
04/04/2021,19:30,Man United,Brighton,2,1,H,0,1,A
05/04/2021,18:00,Everton,Crystal Palace,1,1,D,0,0,D
05/04/2021,20:15,Wolves,West Ham,2,3,A,1,3,A
09/04/2021,20:00,Fulham,Wolves,0,1,A,0,0,D
10/04/2021,12:30,Man City,Leeds,1,2,A,0,1,A
10/04/2021,15:00,Liverpool,Aston Villa,2,1,H,0,1,A
10/04/2021,17:30,Crystal Palace,Chelsea,1,4,A,0,3,A
11/04/2021,12:00,Burnley,Newcastle,1,2,A,1,0,H
11/04/2021,14:05,West Ham,Leicester,3,2,H,2,0,H
11/04/2021,16:30,Tottenham,Man United,1,3,A,1,0,H
11/04/2021,19:00,Sheffield United,Arsenal,0,3,A,0,1,A
12/04/2021,18:00,West Brom,Southampton,3,0,H,2,0,H
12/04/2021,20:15,Brighton,Everton,0,0,D,0,0,D
16/04/2021,20:00,Everton,Tottenham,2,2,D,1,1,D
17/04/2021,12:30,Newcastle,West Ham,3,2,H,2,0,H
17/04/2021,20:15,Wolves,Sheffield United,1,0,H,0,0,D
18/04/2021,13:30,Arsenal,Fulham,1,1,D,0,0,D
18/04/2021,16:00,Man United,Burnley,3,1,H,0,0,D
19/04/2021,20:00,Leeds,Liverpool,1,1,D,0,1,A
20/04/2021,20:00,Chelsea,Brighton,0,0,D,0,0,D
21/04/2021,18:00,Tottenham,Southampton,2,1,H,0,1,A
21/04/2021,20:15,Aston Villa,Man City,1,2,A,1,2,A
22/04/2021,20:00,Leicester,West Brom,3,0,H,3,0,H
23/04/2021,20:00,Arsenal,Everton,0,1,A,0,0,D
24/04/2021,12:30,Liverpool,Newcastle,1,1,D,1,0,H
24/04/2021,17:30,West Ham,Chelsea,0,1,A,0,1,A
24/04/2021,20:00,Sheffield United,Brighton,1,0,H,1,0,H
25/04/2021,12:00,Wolves,Burnley,0,4,A,0,3,A
25/04/2021,14:00,Leeds,Man United,0,0,D,0,0,D
25/04/2021,19:00,Aston Villa,West Brom,2,2,D,1,1,D
26/04/2021,20:00,Leicester,Crystal Palace,2,1,H,0,1,A
30/04/2021,20:00,Southampton,Leicester,1,1,D,0,0,D
01/05/2021,12:30,Crystal Palace,Man City,0,2,A,0,0,D
01/05/2021,15:00,Brighton,Leeds,2,0,H,1,0,H
01/05/2021,17:30,Chelsea,Fulham,2,0,H,1,0,H
01/05/2021,20:00,Everton,Aston Villa,1,2,A,1,1,D
02/05/2021,14:00,Newcastle,Arsenal,0,2,A,0,1,A
02/05/2021,19:15,Tottenham,Sheffield United,4,0,H,1,0,H
03/05/2021,18:00,West Brom,Wolves,1,1,D,0,1,A
03/05/2021,20:15,Burnley,West Ham,1,2,A,1,2,A
07/05/2021,20:00,Leicester,Newcastle,2,4,A,0,2,A
08/05/2021,12:30,Leeds,Tottenham,3,1,H,2,1,H
08/05/2021,15:00,Sheffield United,Crystal Palace,0,2,A,0,1,A
08/05/2021,17:30,Man City,Chelsea,1,2,A,1,0,H
08/05/2021,20:15,Liverpool,Southampton,2,0,H,1,0,H
09/05/2021,12:00,Wolves,Brighton,2,1,H,0,1,A
09/05/2021,14:05,Aston Villa,Man United,1,3,A,1,0,H
09/05/2021,16:30,West Ham,Everton,0,1,A,0,1,A
09/05/2021,19:00,Arsenal,West Brom,3,1,H,2,0,H
10/05/2021,20:00,Fulham,Burnley,0,2,A,0,2,A
11/05/2021,18:00,Man United,Leicester,1,2,A,1,1,D
11/05/2021,20:15,Southampton,Crystal Palace,3,1,H,1,1,D
12/05/2021,20:15,Chelsea,Arsenal,0,1,A,0,1,A
13/05/2021,18:00,Aston Villa,Everton,0,0,D,0,0,D
13/05/2021,20:15,Man United,Liverpool,2,4,A,1,2,A
14/05/2021,20:00,Newcastle,Man City,3,4,A,2,2,D
15/05/2021,12:30,Burnley,Leeds,0,4,A,0,1,A
15/05/2021,15:00,Southampton,Fulham,3,1,H,1,0,H
15/05/2021,20:00,Brighton,West Ham,1,1,D,0,0,D
16/05/2021,12:00,Crystal Palace,Aston Villa,3,2,H,1,2,A
16/05/2021,14:05,Tottenham,Wolves,2,0,H,1,0,H
16/05/2021,16:30,West Brom,Liverpool,1,2,A,1,1,D
16/05/2021,19:00,Everton,Sheffield United,0,1,A,0,1,A
18/05/2021,18:00,Man United,Fulham,1,1,D,1,0,H
18/05/2021,18:00,Southampton,Leeds,0,2,A,0,0,D
18/05/2021,19:00,Brighton,Man City,3,2,H,0,1,A
18/05/2021,20:15,Chelsea,Leicester,2,1,H,0,0,D
19/05/2021,18:00,Everton,Wolves,1,0,H,0,0,D
19/05/2021,18:00,Newcastle,Sheffield United,1,0,H,1,0,H
19/05/2021,18:00,Tottenham,Aston Villa,1,2,A,1,2,A
19/05/2021,19:00,Crystal Palace,Arsenal,1,3,A,0,1,A
19/05/2021,20:15,Burnley,Liverpool,0,3,A,0,1,A
19/05/2021,20:15,West Brom,West Ham,1,3,A,1,1,D
23/05/2021,16:00,Arsenal,Brighton,2,0,H,0,0,D
23/05/2021,16:00,Aston Villa,Chelsea,2,1,H,1,0,H
23/05/2021,16:00,Fulham,Newcastle,0,2,A,0,1,A
23/05/2021,16:00,Leeds,West Brom,3,1,H,2,0,H
23/05/2021,16:00,Leicester,Tottenham,2,4,A,1,1,D
23/05/2021,16:00,Liverpool,Crystal Palace,2,0,H,1,0,H
23/05/2021,16:00,Man City,Everton,5,0,H,2,0,H
23/05/2021,16:00,Sheffield United,Burnley,1,0,H,1,0,H
23/05/2021,16:00,West Ham,Southampton,3,0,H,2,0,H
23/05/2021,16:00,Wolves,Man United,1,2,A,1,2,A
13/08/2021,20:00,Brentford,Arsenal,2,0,H,1,0,H
14/08/2021,12:30,Man United,Leeds,5,1,H,1,0,H
14/08/2021,15:00,Burnley,Brighton,1,2,A,1,0,H
14/08/2021,15:00,Chelsea,Crystal Palace,3,0,H,2,0,H
14/08/2021,15:00,Everton,Southampton,3,1,H,0,1,A
14/08/2021,15:00,Leicester,Wolves,1,0,H,1,0,H
14/08/2021,15:00,Watford,Aston Villa,3,2,H,2,0,H
14/08/2021,17:30,Norwich,Liverpool,0,3,A,0,1,A
15/08/2021,14:00,Newcastle,West Ham,2,4,A,2,1,H
15/08/2021,16:30,Tottenham,Man City,1,0,H,0,0,D
21/08/2021,12:30,Liverpool,Burnley,2,0,H,1,0,H
21/08/2021,15:00,Aston Villa,Newcastle,2,0,H,1,0,H
21/08/2021,15:00,Crystal Palace,Brentford,0,0,D,0,0,D
21/08/2021,15:00,Leeds,Everton,2,2,D,1,1,D
21/08/2021,15:00,Man City,Norwich,5,0,H,2,0,H
21/08/2021,17:30,Brighton,Watford,2,0,H,2,0,H
22/08/2021,14:00,Southampton,Man United,1,1,D,1,0,H
22/08/2021,14:00,Wolves,Tottenham,0,1,A,0,1,A
22/08/2021,16:30,Arsenal,Chelsea,0,2,A,0,2,A
23/08/2021,20:00,West Ham,Leicester,4,1,H,1,0,H
28/08/2021,12:30,Man City,Arsenal,5,0,H,3,0,H
28/08/2021,15:00,Aston Villa,Brentford,1,1,D,1,1,D
28/08/2021,15:00,Brighton,Everton,0,2,A,0,1,A
28/08/2021,15:00,Newcastle,Southampton,2,2,D,0,0,D
28/08/2021,15:00,Norwich,Leicester,1,2,A,1,1,D
28/08/2021,15:00,West Ham,Crystal Palace,2,2,D,1,0,H
28/08/2021,17:30,Liverpool,Chelsea,1,1,D,1,1,D
29/08/2021,14:00,Burnley,Leeds,1,1,D,0,0,D
29/08/2021,14:00,Tottenham,Watford,1,0,H,1,0,H
29/08/2021,16:30,Wolves,Man United,0,1,A,0,0,D
11/09/2021,12:30,Crystal Palace,Tottenham,3,0,H,0,0,D
11/09/2021,15:00,Arsenal,Norwich,1,0,H,0,0,D
11/09/2021,15:00,Brentford,Brighton,0,1,A,0,0,D
11/09/2021,15:00,Leicester,Man City,0,1,A,0,0,D
11/09/2021,15:00,Man United,Newcastle,4,1,H,1,0,H
11/09/2021,15:00,Southampton,West Ham,0,0,D,0,0,D
11/09/2021,15:00,Watford,Wolves,0,2,A,0,0,D
11/09/2021,17:30,Chelsea,Aston Villa,3,0,H,1,0,H
12/09/2021,16:30,Leeds,Liverpool,0,3,A,0,1,A
13/09/2021,20:00,Everton,Burnley,3,1,H,0,0,D
17/09/2021,20:00,Newcastle,Leeds,1,1,D,1,1,D
18/09/2021,12:30,Wolves,Brentford,0,2,A,0,2,A
18/09/2021,15:00,Burnley,Arsenal,0,1,A,0,1,A
18/09/2021,15:00,Liverpool,Crystal Palace,3,0,H,1,0,H
18/09/2021,15:00,Man City,Southampton,0,0,D,0,0,D
18/09/2021,15:00,Norwich,Watford,1,3,A,1,1,D
18/09/2021,17:30,Aston Villa,Everton,3,0,H,0,0,D
19/09/2021,14:00,Brighton,Leicester,2,1,H,1,0,H
19/09/2021,14:00,West Ham,Man United,1,2,A,1,1,D
19/09/2021,16:30,Tottenham,Chelsea,0,3,A,0,0,D
25/09/2021,12:30,Chelsea,Man City,0,1,A,0,0,D
25/09/2021,12:30,Man United,Aston Villa,0,1,A,0,0,D
25/09/2021,15:00,Everton,Norwich,2,0,H,1,0,H
25/09/2021,15:00,Leeds,West Ham,1,2,A,1,0,H
25/09/2021,15:00,Leicester,Burnley,2,2,D,1,2,A
25/09/2021,15:00,Watford,Newcastle,1,1,D,0,1,A
25/09/2021,17:30,Brentford,Liverpool,3,3,D,1,1,D
26/09/2021,14:00,Southampton,Wolves,0,1,A,0,0,D
26/09/2021,16:30,Arsenal,Tottenham,3,1,H,3,0,H
27/09/2021,20:00,Crystal Palace,Brighton,1,1,D,1,0,H
02/10/2021,12:30,Man United,Everton,1,1,D,1,0,H
02/10/2021,15:00,Burnley,Norwich,0,0,D,0,0,D
02/10/2021,15:00,Chelsea,Southampton,3,1,H,1,0,H
02/10/2021,15:00,Leeds,Watford,1,0,H,1,0,H
02/10/2021,15:00,Wolves,Newcastle,2,1,H,1,1,D
02/10/2021,17:30,Brighton,Arsenal,0,0,D,0,0,D
03/10/2021,14:00,Crystal Palace,Leicester,2,2,D,0,2,A
03/10/2021,14:00,Tottenham,Aston Villa,2,1,H,1,0,H
03/10/2021,14:00,West Ham,Brentford,1,2,A,0,1,A
03/10/2021,16:30,Liverpool,Man City,2,2,D,0,0,D
16/10/2021,12:30,Watford,Liverpool,0,5,A,0,2,A
16/10/2021,15:00,Aston Villa,Wolves,2,3,A,0,0,D
16/10/2021,15:00,Leicester,Man United,4,2,H,1,1,D
16/10/2021,15:00,Man City,Burnley,2,0,H,1,0,H
16/10/2021,15:00,Norwich,Brighton,0,0,D,0,0,D
16/10/2021,15:00,Southampton,Leeds,1,0,H,0,0,D
16/10/2021,17:30,Brentford,Chelsea,0,1,A,0,1,A
17/10/2021,14:00,Everton,West Ham,0,1,A,0,0,D
17/10/2021,16:30,Newcastle,Tottenham,2,3,A,1,3,A
18/10/2021,20:00,Arsenal,Crystal Palace,2,2,D,1,0,H
22/10/2021,20:00,Arsenal,Aston Villa,3,1,H,2,0,H
23/10/2021,12:30,Chelsea,Norwich,7,0,H,3,0,H
23/10/2021,15:00,Crystal Palace,Newcastle,1,1,D,0,0,D
23/10/2021,15:00,Everton,Watford,2,5,A,1,1,D
23/10/2021,15:00,Leeds,Wolves,1,1,D,0,1,A
23/10/2021,15:00,Southampton,Burnley,2,2,D,1,1,D
23/10/2021,17:30,Brighton,Man City,1,4,A,0,3,A
24/10/2021,14:00,Brentford,Leicester,1,2,A,0,1,A
24/10/2021,14:00,West Ham,Tottenham,1,0,H,0,0,D
24/10/2021,16:30,Man United,Liverpool,0,5,A,0,4,A
30/10/2021,12:30,Leicester,Arsenal,0,2,A,0,2,A
30/10/2021,15:00,Burnley,Brentford,3,1,H,3,0,H
30/10/2021,15:00,Liverpool,Brighton,2,2,D,2,1,H
30/10/2021,15:00,Man City,Crystal Palace,0,2,A,0,1,A
30/10/2021,15:00,Newcastle,Chelsea,0,3,A,0,0,D
30/10/2021,15:00,Watford,Southampton,0,1,A,0,1,A
30/10/2021,17:30,Tottenham,Man United,0,3,A,0,1,A
31/10/2021,14:00,Norwich,Leeds,1,2,A,0,0,D
31/10/2021,16:30,Aston Villa,West Ham,1,4,A,1,2,A
01/11/2021,20:00,Wolves,Everton,2,1,H,2,0,H
05/11/2021,20:00,Southampton,Aston Villa,1,0,H,1,0,H
06/11/2021,12:30,Man United,Man City,0,2,A,0,2,A
06/11/2021,15:00,Brentford,Norwich,1,2,A,0,2,A
06/11/2021,15:00,Chelsea,Burnley,1,1,D,1,0,H
06/11/2021,15:00,Crystal Palace,Wolves,2,0,H,0,0,D
06/11/2021,17:30,Brighton,Newcastle,1,1,D,1,0,H
07/11/2021,14:00,Arsenal,Watford,1,0,H,0,0,D
07/11/2021,14:00,Everton,Tottenham,0,0,D,0,0,D
07/11/2021,14:00,Leeds,Leicester,1,1,D,1,1,D
07/11/2021,16:30,West Ham,Liverpool,3,2,H,1,1,D
20/11/2021,12:30,Leicester,Chelsea,0,3,A,0,2,A
20/11/2021,15:00,Aston Villa,Brighton,2,0,H,0,0,D
20/11/2021,15:00,Burnley,Crystal Palace,3,3,D,2,3,A
20/11/2021,15:00,Newcastle,Brentford,3,3,D,2,2,D
20/11/2021,15:00,Norwich,Southampton,2,1,H,1,1,D
20/11/2021,15:00,Watford,Man United,4,1,H,2,0,H
20/11/2021,15:00,Wolves,West Ham,1,0,H,0,0,D
20/11/2021,17:30,Liverpool,Arsenal,4,0,H,1,0,H
21/11/2021,14:00,Man City,Everton,3,0,H,1,0,H
21/11/2021,16:30,Tottenham,Leeds,2,1,H,0,1,A
27/11/2021,12:30,Arsenal,Newcastle,2,0,H,0,0,D
27/11/2021,15:00,Crystal Palace,Aston Villa,1,2,A,0,1,A
27/11/2021,15:00,Liverpool,Southampton,4,0,H,3,0,H
27/11/2021,15:00,Norwich,Wolves,0,0,D,0,0,D
27/11/2021,17:30,Brighton,Leeds,0,0,D,0,0,D
28/11/2021,14:00,Brentford,Everton,1,0,H,1,0,H
28/11/2021,14:00,Leicester,Watford,4,2,H,3,1,H
28/11/2021,14:00,Man City,West Ham,2,1,H,1,0,H
28/11/2021,16:30,Chelsea,Man United,1,1,D,0,0,D
30/11/2021,19:30,Newcastle,Norwich,1,1,D,0,0,D
30/11/2021,20:15,Leeds,Crystal Palace,1,0,H,0,0,D
01/12/2021,19:30,Southampton,Leicester,2,2,D,2,1,H
01/12/2021,19:30,Watford,Chelsea,1,2,A,1,1,D
01/12/2021,19:30,West Ham,Brighton,1,1,D,1,0,H
01/12/2021,19:30,Wolves,Burnley,0,0,D,0,0,D
01/12/2021,20:15,Aston Villa,Man City,1,2,A,0,2,A
01/12/2021,20:15,Everton,Liverpool,1,4,A,1,2,A
02/12/2021,19:30,Tottenham,Brentford,2,0,H,1,0,H
02/12/2021,20:15,Man United,Arsenal,3,2,H,1,1,D
04/12/2021,12:30,West Ham,Chelsea,3,2,H,1,2,A
04/12/2021,15:00,Newcastle,Burnley,1,0,H,1,0,H
04/12/2021,15:00,Southampton,Brighton,1,1,D,1,0,H
04/12/2021,15:00,Wolves,Liverpool,0,1,A,0,0,D
04/12/2021,17:30,Watford,Man City,1,3,A,0,2,A
05/12/2021,14:00,Leeds,Brentford,2,2,D,1,0,H
05/12/2021,14:00,Man United,Crystal Palace,1,0,H,0,0,D
05/12/2021,14:00,Tottenham,Norwich,3,0,H,1,0,H
05/12/2021,16:30,Aston Villa,Leicester,2,1,H,1,1,D
06/12/2021,20:00,Everton,Arsenal,2,1,H,0,1,A
10/12/2021,20:00,Brentford,Watford,2,1,H,0,1,A
11/12/2021,12:30,Man City,Wolves,1,0,H,0,0,D
11/12/2021,15:00,Arsenal,Southampton,3,0,H,2,0,H
11/12/2021,15:00,Chelsea,Leeds,3,2,H,1,1,D
11/12/2021,15:00,Liverpool,Aston Villa,1,0,H,0,0,D
11/12/2021,17:30,Norwich,Man United,0,1,A,0,0,D
12/12/2021,14:00,Burnley,West Ham,0,0,D,0,0,D
12/12/2021,14:00,Leicester,Newcastle,4,0,H,1,0,H
12/12/2021,16:30,Crystal Palace,Everton,3,1,H,1,0,H
14/12/2021,19:45,Norwich,Aston Villa,0,2,A,0,1,A
14/12/2021,20:00,Man City,Leeds,7,0,H,3,0,H
15/12/2021,19:30,Brighton,Wolves,0,1,A,0,1,A
15/12/2021,19:30,Crystal Palace,Southampton,2,2,D,1,2,A
15/12/2021,20:00,Arsenal,West Ham,2,0,H,0,0,D
16/12/2021,19:45,Chelsea,Everton,1,1,D,0,0,D
16/12/2021,20:00,Liverpool,Newcastle,3,1,H,2,1,H
18/12/2021,17:30,Leeds,Arsenal,1,4,A,0,3,A
19/12/2021,14:00,Newcastle,Man City,0,4,A,0,2,A
19/12/2021,14:00,Wolves,Chelsea,0,0,D,0,0,D
19/12/2021,16:30,Tottenham,Liverpool,2,2,D,1,1,D
26/12/2021,15:00,Man City,Leicester,6,3,H,4,0,H
26/12/2021,15:00,Norwich,Arsenal,0,5,A,0,2,A
26/12/2021,15:00,Tottenham,Crystal Palace,3,0,H,2,0,H
26/12/2021,15:00,West Ham,Southampton,2,3,A,0,1,A
26/12/2021,17:30,Aston Villa,Chelsea,1,3,A,1,1,D
26/12/2021,20:00,Brighton,Brentford,2,0,H,2,0,H
27/12/2021,20:00,Newcastle,Man United,1,1,D,1,0,H
28/12/2021,15:00,Crystal Palace,Norwich,3,0,H,3,0,H
28/12/2021,15:00,Southampton,Tottenham,1,1,D,1,1,D
28/12/2021,15:00,Watford,West Ham,1,4,A,1,2,A
28/12/2021,20:00,Leicester,Liverpool,1,0,H,0,0,D
29/12/2021,19:30,Chelsea,Brighton,1,1,D,1,0,H
29/12/2021,20:15,Brentford,Man City,0,1,A,0,1,A
30/12/2021,20:15,Man United,Burnley,3,1,H,3,1,H
01/01/2022,12:30,Arsenal,Man City,1,2,A,1,0,H
01/01/2022,15:00,Watford,Tottenham,0,1,A,0,0,D
01/01/2022,17:30,Crystal Palace,West Ham,2,3,A,0,3,A
02/01/2022,14:00,Brentford,Aston Villa,2,1,H,1,1,D
02/01/2022,14:00,Everton,Brighton,2,3,A,0,2,A
02/01/2022,14:00,Leeds,Burnley,3,1,H,1,0,H
02/01/2022,16:30,Chelsea,Liverpool,2,2,D,2,2,D
03/01/2022,17:30,Man United,Wolves,0,1,A,0,0,D
11/01/2022,19:45,Southampton,Brentford,4,1,H,2,1,H
12/01/2022,19:45,West Ham,Norwich,2,0,H,1,0,H
14/01/2022,20:00,Brighton,Crystal Palace,1,1,D,0,0,D
15/01/2022,12:30,Man City,Chelsea,1,0,H,0,0,D
15/01/2022,15:00,Newcastle,Watford,1,1,D,0,0,D
15/01/2022,15:00,Norwich,Everton,2,1,H,2,0,H
15/01/2022,15:00,Wolves,Southampton,3,1,H,1,0,H
15/01/2022,17:30,Aston Villa,Man United,2,2,D,0,1,A
16/01/2022,14:00,Liverpool,Brentford,3,0,H,1,0,H
16/01/2022,14:00,West Ham,Leeds,2,3,A,1,2,A
18/01/2022,20:00,Brighton,Chelsea,1,1,D,0,1,A
19/01/2022,19:30,Leicester,Tottenham,2,3,A,1,1,D
19/01/2022,20:00,Brentford,Man United,1,3,A,0,0,D
21/01/2022,20:00,Watford,Norwich,0,3,A,0,0,D
22/01/2022,12:30,Everton,Aston Villa,0,1,A,0,1,A
22/01/2022,15:00,Brentford,Wolves,1,2,A,0,0,D
22/01/2022,15:00,Leeds,Newcastle,0,1,A,0,0,D
22/01/2022,15:00,Man United,West Ham,1,0,H,0,0,D
22/01/2022,17:30,Southampton,Man City,1,1,D,1,0,H
23/01/2022,14:00,Arsenal,Burnley,0,0,D,0,0,D
23/01/2022,14:00,Crystal Palace,Liverpool,1,3,A,0,2,A
23/01/2022,14:00,Leicester,Brighton,1,1,D,0,0,D
23/01/2022,16:30,Chelsea,Tottenham,2,0,H,0,0,D
05/02/2022,18:00,Burnley,Watford,0,0,D,0,0,D
08/02/2022,19:45,Newcastle,Everton,3,1,H,1,1,D
08/02/2022,19:45,West Ham,Watford,1,0,H,0,0,D
08/02/2022,20:00,Burnley,Man United,1,1,D,0,1,A
09/02/2022,19:45,Man City,Brentford,2,0,H,1,0,H
09/02/2022,19:45,Norwich,Crystal Palace,1,1,D,1,0,H
09/02/2022,19:45,Tottenham,Southampton,2,3,A,1,1,D
09/02/2022,20:00,Aston Villa,Leeds,3,3,D,3,2,H
10/02/2022,19:45,Liverpool,Leicester,2,0,H,1,0,H
10/02/2022,19:45,Wolves,Arsenal,0,1,A,0,1,A
12/02/2022,12:30,Man United,Southampton,1,1,D,1,0,H
12/02/2022,15:00,Brentford,Crystal Palace,0,0,D,0,0,D
12/02/2022,15:00,Everton,Leeds,3,0,H,2,0,H
12/02/2022,15:00,Watford,Brighton,0,2,A,0,1,A
12/02/2022,17:30,Norwich,Man City,0,4,A,0,1,A
13/02/2022,14:00,Burnley,Liverpool,0,1,A,0,1,A
13/02/2022,14:00,Newcastle,Aston Villa,1,0,H,1,0,H
13/02/2022,14:00,Tottenham,Wolves,0,2,A,0,2,A
13/02/2022,16:30,Leicester,West Ham,2,2,D,1,1,D
15/02/2022,20:15,Man United,Brighton,2,0,H,0,0,D
19/02/2022,12:30,West Ham,Newcastle,1,1,D,1,1,D
19/02/2022,15:00,Arsenal,Brentford,2,1,H,0,0,D
19/02/2022,15:00,Aston Villa,Watford,0,1,A,0,0,D
19/02/2022,15:00,Brighton,Burnley,0,3,A,0,2,A
19/02/2022,15:00,Crystal Palace,Chelsea,0,1,A,0,0,D
19/02/2022,15:00,Liverpool,Norwich,3,1,H,0,0,D
19/02/2022,15:00,Southampton,Everton,2,0,H,0,0,D
19/02/2022,17:30,Man City,Tottenham,2,3,A,1,1,D
20/02/2022,14:00,Leeds,Man United,2,4,A,0,2,A
20/02/2022,16:30,Wolves,Leicester,2,1,H,1,1,D
23/02/2022,19:30,Burnley,Tottenham,1,0,H,0,0,D
23/02/2022,19:30,Watford,Crystal Palace,1,4,A,1,2,A
23/02/2022,19:45,Liverpool,Leeds,6,0,H,3,0,H
24/02/2022,19:45,Arsenal,Wolves,2,1,H,0,1,A
25/02/2022,20:00,Southampton,Norwich,2,0,H,1,0,H
26/02/2022,12:30,Leeds,Tottenham,0,4,A,0,3,A
26/02/2022,15:00,Brentford,Newcastle,0,2,A,0,2,A
26/02/2022,15:00,Crystal Palace,Burnley,1,1,D,1,0,H
26/02/2022,15:00,Man United,Watford,0,0,D,0,0,D
26/02/2022,15:30,Brighton,Aston Villa,0,2,A,0,1,A
26/02/2022,17:30,Everton,Man City,0,1,A,0,0,D
27/02/2022,14:00,West Ham,Wolves,1,0,H,0,0,D
01/03/2022,19:45,Burnley,Leicester,0,2,A,0,0,D
05/03/2022,12:30,Leicester,Leeds,1,0,H,0,0,D
05/03/2022,15:00,Aston Villa,Southampton,4,0,H,2,0,H
05/03/2022,15:00,Burnley,Chelsea,0,4,A,0,0,D
05/03/2022,15:00,Newcastle,Brighton,2,1,H,2,0,H
05/03/2022,15:00,Norwich,Brentford,1,3,A,0,1,A
05/03/2022,15:00,Wolves,Crystal Palace,0,2,A,0,2,A
05/03/2022,17:30,Liverpool,West Ham,1,0,H,1,0,H
06/03/2022,14:00,Watford,Arsenal,2,3,A,1,2,A
06/03/2022,16:30,Man City,Man United,4,1,H,2,1,H
07/03/2022,20:00,Tottenham,Everton,5,0,H,3,0,H
10/03/2022,19:30,Norwich,Chelsea,1,3,A,0,2,A
10/03/2022,19:30,Southampton,Newcastle,1,2,A,1,1,D
10/03/2022,19:30,Wolves,Watford,4,0,H,2,0,H
10/03/2022,19:45,Leeds,Aston Villa,0,3,A,0,1,A
12/03/2022,12:30,Brighton,Liverpool,0,2,A,0,1,A
12/03/2022,15:00,Brentford,Burnley,2,0,H,0,0,D
12/03/2022,17:30,Man United,Tottenham,3,2,H,2,1,H
13/03/2022,14:00,Chelsea,Newcastle,1,0,H,0,0,D
13/03/2022,14:00,Everton,Wolves,0,1,A,0,0,D
13/03/2022,14:00,Leeds,Norwich,2,1,H,1,0,H
13/03/2022,14:00,Southampton,Watford,1,2,A,1,2,A
13/03/2022,14:00,West Ham,Aston Villa,2,1,H,0,0,D
13/03/2022,16:30,Arsenal,Leicester,2,0,H,1,0,H
14/03/2022,20:00,Crystal Palace,Man City,0,0,D,0,0,D
16/03/2022,19:30,Brighton,Tottenham,0,2,A,0,1,A
16/03/2022,20:15,Arsenal,Liverpool,0,2,A,0,0,D
17/03/2022,19:45,Everton,Newcastle,1,0,H,0,0,D
18/03/2022,20:00,Wolves,Leeds,2,3,A,2,0,H
19/03/2022,12:30,Aston Villa,Arsenal,0,1,A,0,1,A
20/03/2022,14:00,Leicester,Brentford,2,1,H,2,0,H
20/03/2022,16:30,Tottenham,West Ham,3,1,H,2,1,H
02/04/2022,12:30,Liverpool,Watford,2,0,H,1,0,H
02/04/2022,15:00,Brighton,Norwich,0,0,D,0,0,D
02/04/2022,15:00,Burnley,Man City,0,2,A,0,2,A
02/04/2022,15:00,Chelsea,Brentford,1,4,A,0,0,D
02/04/2022,15:00,Leeds,Southampton,1,1,D,1,0,H
02/04/2022,15:00,Wolves,Aston Villa,2,1,H,2,0,H
02/04/2022,17:30,Man United,Leicester,1,1,D,0,0,D
03/04/2022,14:00,West Ham,Everton,2,1,H,1,0,H
03/04/2022,16:30,Tottenham,Newcastle,5,1,H,1,1,D
04/04/2022,20:00,Crystal Palace,Arsenal,3,0,H,2,0,H
06/04/2022,19:30,Burnley,Everton,3,2,H,1,2,A
08/04/2022,20:00,Newcastle,Wolves,1,0,H,0,0,D
09/04/2022,12:30,Everton,Man United,1,0,H,1,0,H
09/04/2022,15:00,Arsenal,Brighton,1,2,A,0,1,A
09/04/2022,15:00,Southampton,Chelsea,0,6,A,0,4,A
09/04/2022,15:00,Watford,Leeds,0,3,A,0,1,A
09/04/2022,17:30,Aston Villa,Tottenham,0,4,A,0,1,A
10/04/2022,14:00,Brentford,West Ham,2,0,H,0,0,D
10/04/2022,14:00,Leicester,Crystal Palace,2,1,H,2,0,H
10/04/2022,14:00,Norwich,Burnley,2,0,H,1,0,H
10/04/2022,16:30,Man City,Liverpool,2,2,D,2,1,H
16/04/2022,12:30,Tottenham,Brighton,0,1,A,0,0,D
16/04/2022,15:00,Man United,Norwich,3,2,H,2,1,H
16/04/2022,15:00,Southampton,Arsenal,1,0,H,1,0,H
16/04/2022,15:00,Watford,Brentford,1,2,A,0,1,A
17/04/2022,14:15,Newcastle,Leicester,2,1,H,1,1,D
17/04/2022,14:15,West Ham,Burnley,1,1,D,0,1,A
19/04/2022,20:00,Liverpool,Man United,4,0,H,2,0,H
20/04/2022,19:45,Chelsea,Arsenal,2,4,A,2,2,D
20/04/2022,19:45,Everton,Leicester,1,1,D,0,1,A
20/04/2022,19:45,Newcastle,Crystal Palace,1,0,H,1,0,H
20/04/2022,20:00,Man City,Brighton,3,0,H,0,0,D
21/04/2022,19:45,Burnley,Southampton,2,0,H,2,0,H
23/04/2022,12:30,Arsenal,Man United,3,1,H,2,1,H
23/04/2022,15:00,Leicester,Aston Villa,0,0,D,0,0,D
23/04/2022,15:00,Man City,Watford,5,1,H,3,1,H
23/04/2022,15:00,Norwich,Newcastle,0,3,A,0,2,A
23/04/2022,17:30,Brentford,Tottenham,0,0,D,0,0,D
24/04/2022,14:00,Brighton,Southampton,2,2,D,2,1,H
24/04/2022,14:00,Burnley,Wolves,1,0,H,0,0,D
24/04/2022,14:00,Chelsea,West Ham,1,0,H,0,0,D
24/04/2022,16:30,Liverpool,Everton,2,0,H,0,0,D
25/04/2022,20:00,Crystal Palace,Leeds,0,0,D,0,0,D
28/04/2022,19:45,Man United,Chelsea,1,1,D,0,0,D
30/04/2022,12:30,Newcastle,Liverpool,0,1,A,0,1,A
30/04/2022,15:00,Aston Villa,Norwich,2,0,H,1,0,H
30/04/2022,15:00,Southampton,Crystal Palace,1,2,A,1,0,H
30/04/2022,15:00,Watford,Burnley,1,2,A,1,0,H
30/04/2022,15:00,Wolves,Brighton,0,3,A,0,1,A
30/04/2022,17:30,Leeds,Man City,0,4,A,0,1,A
01/05/2022,14:00,Everton,Chelsea,1,0,H,0,0,D
01/05/2022,14:00,Tottenham,Leicester,3,1,H,1,0,H
01/05/2022,16:30,West Ham,Arsenal,1,2,A,1,1,D
02/05/2022,20:00,Man United,Brentford,3,0,H,1,0,H
07/05/2022,15:00,Brentford,Southampton,3,0,H,2,0,H
07/05/2022,15:00,Burnley,Aston Villa,1,3,A,0,2,A
07/05/2022,15:00,Chelsea,Wolves,2,2,D,0,0,D
07/05/2022,15:00,Crystal Palace,Watford,1,0,H,1,0,H
07/05/2022,17:30,Brighton,Man United,4,0,H,1,0,H
07/05/2022,19:45,Liverpool,Tottenham,1,1,D,0,0,D
08/05/2022,14:00,Arsenal,Leeds,2,1,H,2,0,H
08/05/2022,14:00,Leicester,Everton,1,2,A,1,2,A
08/05/2022,14:00,Norwich,West Ham,0,4,A,0,3,A
08/05/2022,16:30,Man City,Newcastle,5,0,H,2,0,H
10/05/2022,20:00,Aston Villa,Liverpool,1,2,A,1,1,D
11/05/2022,19:30,Leeds,Chelsea,0,3,A,0,1,A
11/05/2022,19:45,Leicester,Norwich,3,0,H,0,0,D
11/05/2022,19:45,Watford,Everton,0,0,D,0,0,D
11/05/2022,20:15,Wolves,Man City,1,5,A,1,3,A
12/05/2022,19:45,Tottenham,Arsenal,3,0,H,2,0,H
15/05/2022,12:00,Tottenham,Burnley,1,0,H,1,0,H
15/05/2022,14:00,Aston Villa,Crystal Palace,1,1,D,0,0,D
15/05/2022,14:00,Leeds,Brighton,1,1,D,0,1,A
15/05/2022,14:00,Watford,Leicester,1,5,A,1,2,A
15/05/2022,14:00,West Ham,Man City,2,2,D,2,0,H
15/05/2022,14:00,Wolves,Norwich,1,1,D,0,1,A
15/05/2022,16:30,Everton,Brentford,2,3,A,2,1,H
16/05/2022,20:00,Newcastle,Arsenal,2,0,H,0,0,D
17/05/2022,19:45,Southampton,Liverpool,1,2,A,1,1,D
19/05/2022,19:45,Everton,Crystal Palace,3,2,H,0,2,A
19/05/2022,20:00,Aston Villa,Burnley,1,1,D,0,1,A
19/05/2022,20:00,Chelsea,Leicester,1,1,D,1,1,D
22/05/2022,16:00,Arsenal,Everton,5,1,H,2,1,H
22/05/2022,16:00,Brentford,Leeds,1,2,A,0,0,D
22/05/2022,16:00,Brighton,West Ham,3,1,H,0,1,A
22/05/2022,16:00,Burnley,Newcastle,1,2,A,0,1,A
22/05/2022,16:00,Chelsea,Watford,2,1,H,1,0,H
22/05/2022,16:00,Crystal Palace,Man United,1,0,H,1,0,H
22/05/2022,16:00,Leicester,Southampton,4,1,H,0,0,D
22/05/2022,16:00,Liverpool,Wolves,3,1,H,1,1,D
22/05/2022,16:00,Man City,Aston Villa,3,2,H,0,1,A
22/05/2022,16:00,Norwich,Tottenham,0,5,A,0,2,A
05/08/2022,20:00,Crystal Palace,Arsenal,0,2,A,0,1,A
06/08/2022,12:30,Fulham,Liverpool,2,2,D,1,0,H
06/08/2022,15:00,Bournemouth,Aston Villa,2,0,H,1,0,H
06/08/2022,15:00,Leeds,Wolves,2,1,H,1,1,D
06/08/2022,15:00,Newcastle,Nott'm Forest,2,0,H,0,0,D
06/08/2022,15:00,Tottenham,Southampton,4,1,H,2,1,H
06/08/2022,17:30,Everton,Chelsea,0,1,A,0,1,A
07/08/2022,14:00,Leicester,Brentford,2,2,D,1,0,H
07/08/2022,14:00,Man United,Brighton,1,2,A,0,2,A
07/08/2022,16:30,West Ham,Man City,0,2,A,0,1,A
13/08/2022,12:30,Aston Villa,Everton,2,1,H,1,0,H
13/08/2022,15:00,Arsenal,Leicester,4,2,H,2,0,H
13/08/2022,15:00,Brighton,Newcastle,0,0,D,0,0,D
13/08/2022,15:00,Man City,Bournemouth,4,0,H,3,0,H
13/08/2022,15:00,Southampton,Leeds,2,2,D,0,0,D
13/08/2022,15:00,Wolves,Fulham,0,0,D,0,0,D
13/08/2022,17:30,Brentford,Man United,4,0,H,4,0,H
14/08/2022,14:00,Nott'm Forest,West Ham,1,0,H,1,0,H
14/08/2022,16:30,Chelsea,Tottenham,2,2,D,1,0,H
15/08/2022,20:00,Liverpool,Crystal Palace,1,1,D,0,1,A
20/08/2022,12:30,Tottenham,Wolves,1,0,H,0,0,D
20/08/2022,15:00,Crystal Palace,Aston Villa,3,1,H,1,1,D
20/08/2022,15:00,Everton,Nott'm Forest,1,1,D,0,0,D
20/08/2022,15:00,Fulham,Brentford,3,2,H,2,1,H
20/08/2022,15:00,Leicester,Southampton,1,2,A,0,0,D
20/08/2022,17:30,Bournemouth,Arsenal,0,3,A,0,2,A
21/08/2022,14:00,Leeds,Chelsea,3,0,H,2,0,H
21/08/2022,14:00,West Ham,Brighton,0,2,A,0,1,A
21/08/2022,16:30,Newcastle,Man City,3,3,D,2,1,H
22/08/2022,20:00,Man United,Liverpool,2,1,H,1,0,H
27/08/2022,12:30,Southampton,Man United,0,1,A,0,0,D
27/08/2022,15:00,Brentford,Everton,1,1,D,0,1,A
27/08/2022,15:00,Brighton,Leeds,1,0,H,0,0,D
27/08/2022,15:00,Chelsea,Leicester,2,1,H,0,0,D
27/08/2022,15:00,Liverpool,Bournemouth,9,0,H,5,0,H
27/08/2022,15:00,Man City,Crystal Palace,4,2,H,0,2,A
27/08/2022,17:30,Arsenal,Fulham,2,1,H,0,0,D
28/08/2022,14:00,Aston Villa,West Ham,0,1,A,0,0,D
28/08/2022,14:00,Wolves,Newcastle,1,1,D,1,0,H
28/08/2022,16:30,Nott'm Forest,Tottenham,0,2,A,0,1,A
30/08/2022,19:30,Crystal Palace,Brentford,1,1,D,0,0,D
30/08/2022,19:30,Fulham,Brighton,2,1,H,0,0,D
30/08/2022,19:45,Southampton,Chelsea,2,1,H,2,1,H
30/08/2022,20:00,Leeds,Everton,1,1,D,0,1,A
31/08/2022,19:30,Arsenal,Aston Villa,2,1,H,1,0,H
31/08/2022,19:30,Bournemouth,Wolves,0,0,D,0,0,D
31/08/2022,19:30,Man City,Nott'm Forest,6,0,H,3,0,H
31/08/2022,19:45,West Ham,Tottenham,1,1,D,0,1,A
31/08/2022,20:00,Liverpool,Newcastle,2,1,H,0,1,A
01/09/2022,20:00,Leicester,Man United,0,1,A,0,1,A
03/09/2022,12:30,Everton,Liverpool,0,0,D,0,0,D
03/09/2022,15:00,Brentford,Leeds,5,2,H,2,1,H
03/09/2022,15:00,Chelsea,West Ham,2,1,H,0,0,D
03/09/2022,15:00,Newcastle,Crystal Palace,0,0,D,0,0,D
03/09/2022,15:00,Nott'm Forest,Bournemouth,2,3,A,2,0,H
03/09/2022,15:00,Tottenham,Fulham,2,1,H,1,0,H
03/09/2022,15:00,Wolves,Southampton,1,0,H,1,0,H
03/09/2022,17:30,Aston Villa,Man City,1,1,D,0,0,D
04/09/2022,14:00,Brighton,Leicester,5,2,H,2,2,D
04/09/2022,16:30,Man United,Arsenal,3,1,H,1,0,H
16/09/2022,20:00,Aston Villa,Southampton,1,0,H,1,0,H
16/09/2022,20:00,Nott'm Forest,Fulham,2,3,A,1,0,H
17/09/2022,12:30,Wolves,Man City,0,3,A,0,2,A
17/09/2022,15:00,Newcastle,Bournemouth,1,1,D,0,0,D
17/09/2022,17:30,Tottenham,Leicester,6,2,H,2,2,D
18/09/2022,12:00,Brentford,Arsenal,0,3,A,0,2,A
18/09/2022,14:15,Everton,West Ham,1,0,H,0,0,D
01/10/2022,12:30,Arsenal,Tottenham,3,1,H,1,1,D
01/10/2022,15:00,Bournemouth,Brentford,0,0,D,0,0,D
01/10/2022,15:00,Crystal Palace,Chelsea,1,2,A,1,1,D
01/10/2022,15:00,Fulham,Newcastle,1,4,A,0,3,A
01/10/2022,15:00,Liverpool,Brighton,3,3,D,1,2,A
01/10/2022,15:00,Southampton,Everton,1,2,A,0,0,D
01/10/2022,17:30,West Ham,Wolves,2,0,H,1,0,H
02/10/2022,14:00,Man City,Man United,6,3,H,4,0,H
02/10/2022,16:30,Leeds,Aston Villa,0,0,D,0,0,D
03/10/2022,20:00,Leicester,Nott'm Forest,4,0,H,3,0,H
08/10/2022,15:00,Bournemouth,Leicester,2,1,H,0,1,A
08/10/2022,15:00,Chelsea,Wolves,3,0,H,1,0,H
08/10/2022,15:00,Man City,Southampton,4,0,H,2,0,H
08/10/2022,15:00,Newcastle,Brentford,5,1,H,2,0,H
08/10/2022,17:30,Brighton,Tottenham,0,1,A,0,1,A
09/10/2022,14:00,Crystal Palace,Leeds,2,1,H,1,1,D
09/10/2022,14:00,West Ham,Fulham,3,1,H,1,1,D
09/10/2022,16:30,Arsenal,Liverpool,3,2,H,2,1,H
09/10/2022,19:00,Everton,Man United,1,2,A,1,2,A
10/10/2022,20:00,Nott'm Forest,Aston Villa,1,1,D,1,1,D
14/10/2022,20:00,Brentford,Brighton,2,0,H,1,0,H
15/10/2022,12:30,Leicester,Crystal Palace,0,0,D,0,0,D
15/10/2022,15:00,Fulham,Bournemouth,2,2,D,1,2,A
15/10/2022,15:00,Wolves,Nott'm Forest,1,0,H,0,0,D
15/10/2022,17:30,Tottenham,Everton,2,0,H,0,0,D
16/10/2022,14:00,Aston Villa,Chelsea,0,2,A,0,1,A
16/10/2022,14:00,Leeds,Arsenal,0,1,A,0,1,A
16/10/2022,14:00,Man United,Newcastle,0,0,D,0,0,D
16/10/2022,14:00,Southampton,West Ham,1,1,D,1,0,H
16/10/2022,16:30,Liverpool,Man City,1,0,H,0,0,D
18/10/2022,19:30,Brighton,Nott'm Forest,0,0,D,0,0,D
18/10/2022,20:15,Crystal Palace,Wolves,2,1,H,0,1,A
19/10/2022,19:30,Bournemouth,Southampton,0,1,A,0,1,A
19/10/2022,19:30,Brentford,Chelsea,0,0,D,0,0,D
19/10/2022,19:30,Liverpool,West Ham,1,0,H,1,0,H
19/10/2022,19:30,Newcastle,Everton,1,0,H,1,0,H
19/10/2022,20:15,Man United,Tottenham,2,0,H,0,0,D
20/10/2022,19:30,Fulham,Aston Villa,3,0,H,1,0,H
20/10/2022,20:15,Leicester,Leeds,2,0,H,2,0,H
22/10/2022,12:30,Nott'm Forest,Liverpool,1,0,H,0,0,D
22/10/2022,15:00,Everton,Crystal Palace,3,0,H,1,0,H
22/10/2022,15:00,Man City,Brighton,3,1,H,2,0,H
22/10/2022,17:30,Chelsea,Man United,1,1,D,0,0,D
23/10/2022,14:00,Aston Villa,Brentford,4,0,H,3,0,H
23/10/2022,14:00,Leeds,Fulham,2,3,A,1,1,D
23/10/2022,14:00,Southampton,Arsenal,1,1,D,0,1,A
23/10/2022,14:00,Wolves,Leicester,0,4,A,0,2,A
23/10/2022,16:30,Tottenham,Newcastle,1,2,A,0,2,A
24/10/2022,20:00,West Ham,Bournemouth,2,0,H,1,0,H
29/10/2022,12:30,Leicester,Man City,0,1,A,0,0,D
29/10/2022,15:00,Bournemouth,Tottenham,2,3,A,1,0,H
29/10/2022,15:00,Brentford,Wolves,1,1,D,0,0,D
29/10/2022,15:00,Brighton,Chelsea,4,1,H,3,0,H
29/10/2022,15:00,Crystal Palace,Southampton,1,0,H,1,0,H
29/10/2022,15:00,Newcastle,Aston Villa,4,0,H,1,0,H
29/10/2022,17:30,Fulham,Everton,0,0,D,0,0,D
29/10/2022,19:45,Liverpool,Leeds,1,2,A,1,1,D
30/10/2022,14:00,Arsenal,Nott'm Forest,5,0,H,1,0,H
30/10/2022,16:15,Man United,West Ham,1,0,H,1,0,H
05/11/2022,15:00,Leeds,Bournemouth,4,3,H,1,2,A
05/11/2022,15:00,Man City,Fulham,2,1,H,1,1,D
05/11/2022,15:00,Nott'm Forest,Brentford,2,2,D,1,1,D
05/11/2022,15:00,Wolves,Brighton,2,3,A,2,2,D
05/11/2022,17:30,Everton,Leicester,0,2,A,0,1,A
06/11/2022,12:00,Chelsea,Arsenal,0,1,A,0,0,D
06/11/2022,14:00,Aston Villa,Man United,3,1,H,2,1,H
06/11/2022,14:00,Southampton,Newcastle,1,4,A,0,1,A
06/11/2022,14:00,West Ham,Crystal Palace,1,2,A,1,1,D
06/11/2022,16:30,Tottenham,Liverpool,1,2,A,0,2,A
12/11/2022,12:30,Man City,Brentford,1,2,A,1,1,D
12/11/2022,15:00,Bournemouth,Everton,3,0,H,2,0,H
12/11/2022,15:00,Liverpool,Southampton,3,1,H,3,1,H
12/11/2022,15:00,Nott'm Forest,Crystal Palace,1,0,H,0,0,D
12/11/2022,15:00,Tottenham,Leeds,4,3,H,1,2,A
12/11/2022,15:00,West Ham,Leicester,0,2,A,0,1,A
12/11/2022,17:30,Newcastle,Chelsea,1,0,H,0,0,D
12/11/2022,19:45,Wolves,Arsenal,0,2,A,0,0,D
13/11/2022,14:00,Brighton,Aston Villa,1,2,A,1,1,D
13/11/2022,16:30,Fulham,Man United,1,2,A,0,1,A
26/12/2022,12:30,Brentford,Tottenham,2,2,D,1,0,H
26/12/2022,15:00,Crystal Palace,Fulham,0,3,A,0,1,A
26/12/2022,15:00,Everton,Wolves,1,2,A,1,1,D
26/12/2022,15:00,Leicester,Newcastle,0,3,A,0,3,A
26/12/2022,15:00,Southampton,Brighton,1,3,A,0,2,A
26/12/2022,17:30,Aston Villa,Liverpool,1,3,A,0,2,A
26/12/2022,20:00,Arsenal,West Ham,3,1,H,0,1,A
27/12/2022,17:30,Chelsea,Bournemouth,2,0,H,2,0,H
27/12/2022,20:00,Man United,Nott'm Forest,3,0,H,2,0,H
28/12/2022,20:00,Leeds,Man City,1,3,A,0,1,A
30/12/2022,19:45,West Ham,Brentford,0,2,A,0,2,A
30/12/2022,20:00,Liverpool,Leicester,2,1,H,2,1,H
31/12/2022,12:30,Wolves,Man United,0,1,A,0,0,D
31/12/2022,15:00,Bournemouth,Crystal Palace,0,2,A,0,2,A
31/12/2022,15:00,Fulham,Southampton,2,1,H,1,0,H
31/12/2022,15:00,Man City,Everton,1,1,D,1,0,H
31/12/2022,15:00,Newcastle,Leeds,0,0,D,0,0,D
31/12/2022,17:30,Brighton,Arsenal,2,4,A,0,2,A
01/01/2023,14:00,Tottenham,Aston Villa,0,2,A,0,0,D
01/01/2023,16:30,Nott'm Forest,Chelsea,1,1,D,0,1,A
02/01/2023,17:30,Brentford,Liverpool,3,1,H,2,0,H
03/01/2023,19:45,Arsenal,Newcastle,0,0,D,0,0,D
03/01/2023,19:45,Everton,Brighton,1,4,A,0,1,A
03/01/2023,19:45,Leicester,Fulham,0,1,A,0,1,A
03/01/2023,20:00,Man United,Bournemouth,3,0,H,1,0,H
04/01/2023,19:30,Southampton,Nott'm Forest,0,1,A,0,1,A
04/01/2023,19:45,Leeds,West Ham,2,2,D,1,1,D
04/01/2023,20:00,Aston Villa,Wolves,1,1,D,0,1,A
04/01/2023,20:00,Crystal Palace,Tottenham,0,4,A,0,0,D
05/01/2023,20:00,Chelsea,Man City,0,1,A,0,0,D
12/01/2023,20:00,Fulham,Chelsea,2,1,H,1,0,H
13/01/2023,20:00,Aston Villa,Leeds,2,1,H,1,0,H
14/01/2023,12:30,Man United,Man City,2,1,H,0,0,D
14/01/2023,15:00,Brighton,Liverpool,3,0,H,0,0,D
14/01/2023,15:00,Everton,Southampton,1,2,A,1,0,H
14/01/2023,15:00,Nott'm Forest,Leicester,2,0,H,0,0,D
14/01/2023,15:00,Wolves,West Ham,1,0,H,0,0,D
14/01/2023,17:30,Brentford,Bournemouth,2,0,H,1,0,H
15/01/2023,14:00,Chelsea,Crystal Palace,1,0,H,0,0,D
15/01/2023,14:00,Newcastle,Fulham,1,0,H,0,0,D
15/01/2023,16:30,Tottenham,Arsenal,0,2,A,0,2,A
18/01/2023,20:00,Crystal Palace,Man United,1,1,D,0,1,A
19/01/2023,20:00,Man City,Tottenham,4,2,H,0,2,A
21/01/2023,12:30,Liverpool,Chelsea,0,0,D,0,0,D
21/01/2023,15:00,Bournemouth,Nott'm Forest,1,1,D,1,0,H
21/01/2023,15:00,Leicester,Brighton,2,2,D,1,1,D
21/01/2023,15:00,Southampton,Aston Villa,0,1,A,0,0,D
21/01/2023,15:00,West Ham,Everton,2,0,H,2,0,H
21/01/2023,17:30,Crystal Palace,Newcastle,0,0,D,0,0,D
22/01/2023,14:00,Leeds,Brentford,0,0,D,0,0,D
22/01/2023,14:00,Man City,Wolves,3,0,H,1,0,H
22/01/2023,16:30,Arsenal,Man United,3,2,H,1,1,D
23/01/2023,20:00,Fulham,Tottenham,0,1,A,0,1,A
03/02/2023,20:00,Chelsea,Fulham,0,0,D,0,0,D
04/02/2023,12:30,Everton,Arsenal,1,0,H,0,0,D
04/02/2023,15:00,Aston Villa,Leicester,2,4,A,2,3,A
04/02/2023,15:00,Brentford,Southampton,3,0,H,2,0,H
04/02/2023,15:00,Brighton,Bournemouth,1,0,H,0,0,D
04/02/2023,15:00,Man United,Crystal Palace,2,1,H,1,0,H
04/02/2023,15:00,Wolves,Liverpool,3,0,H,2,0,H
04/02/2023,17:30,Newcastle,West Ham,1,1,D,1,1,D
05/02/2023,14:00,Nott'm Forest,Leeds,1,0,H,1,0,H
05/02/2023,16:30,Tottenham,Man City,1,0,H,1,0,H
08/02/2023,20:00,Man United,Leeds,2,2,D,0,1,A
11/02/2023,12:30,West Ham,Chelsea,1,1,D,1,1,D
11/02/2023,15:00,Arsenal,Brentford,1,1,D,0,0,D
11/02/2023,15:00,Crystal Palace,Brighton,1,1,D,0,0,D
11/02/2023,15:00,Fulham,Nott'm Forest,2,0,H,1,0,H
11/02/2023,15:00,Leicester,Tottenham,4,1,H,3,1,H
11/02/2023,15:00,Southampton,Wolves,1,2,A,1,0,H
11/02/2023,17:30,Bournemouth,Newcastle,1,1,D,1,1,D
12/02/2023,14:00,Leeds,Man United,0,2,A,0,0,D
12/02/2023,16:30,Man City,Aston Villa,3,1,H,3,0,H
13/02/2023,20:00,Liverpool,Everton,2,0,H,1,0,H
15/02/2023,19:30,Arsenal,Man City,1,3,A,1,1,D
18/02/2023,12:30,Aston Villa,Arsenal,2,4,A,2,1,H
18/02/2023,15:00,Brentford,Crystal Palace,1,1,D,0,0,D
18/02/2023,15:00,Brighton,Fulham,0,1,A,0,0,D
18/02/2023,15:00,Chelsea,Southampton,0,1,A,0,1,A
18/02/2023,15:00,Everton,Leeds,1,0,H,0,0,D
18/02/2023,15:00,Nott'm Forest,Man City,1,1,D,0,1,A
18/02/2023,15:00,Wolves,Bournemouth,0,1,A,0,0,D
18/02/2023,17:30,Newcastle,Liverpool,0,2,A,0,2,A
19/02/2023,14:00,Man United,Leicester,3,0,H,1,0,H
19/02/2023,16:30,Tottenham,West Ham,2,0,H,0,0,D
24/02/2023,20:00,Fulham,Wolves,1,1,D,0,1,A
25/02/2023,15:00,Everton,Aston Villa,0,2,A,0,0,D
25/02/2023,15:00,Leeds,Southampton,1,0,H,0,0,D
25/02/2023,15:00,Leicester,Arsenal,0,1,A,0,0,D
25/02/2023,15:00,West Ham,Nott'm Forest,4,0,H,0,0,D
25/02/2023,17:30,Bournemouth,Man City,1,4,A,0,3,A
25/02/2023,19:45,Crystal Palace,Liverpool,0,0,D,0,0,D
26/02/2023,13:30,Tottenham,Chelsea,2,0,H,0,0,D
01/03/2023,19:45,Arsenal,Everton,4,0,H,2,0,H
01/03/2023,20:00,Liverpool,Wolves,2,0,H,0,0,D
04/03/2023,12:30,Man City,Newcastle,2,0,H,1,0,H
04/03/2023,15:00,Arsenal,Bournemouth,3,2,H,0,1,A
04/03/2023,15:00,Aston Villa,Crystal Palace,1,0,H,1,0,H
04/03/2023,15:00,Brighton,West Ham,4,0,H,1,0,H
04/03/2023,15:00,Chelsea,Leeds,1,0,H,0,0,D
04/03/2023,15:00,Wolves,Tottenham,1,0,H,0,0,D
04/03/2023,17:30,Southampton,Leicester,1,0,H,1,0,H
05/03/2023,14:00,Nott'm Forest,Everton,2,2,D,1,2,A
05/03/2023,16:30,Liverpool,Man United,7,0,H,1,0,H
06/03/2023,20:00,Brentford,Fulham,3,2,H,1,1,D
11/03/2023,12:30,Bournemouth,Liverpool,1,0,H,1,0,H
11/03/2023,15:00,Everton,Brentford,1,0,H,1,0,H
11/03/2023,15:00,Leeds,Brighton,2,2,D,1,1,D
11/03/2023,15:00,Leicester,Chelsea,1,3,A,1,2,A
11/03/2023,15:00,Tottenham,Nott'm Forest,3,1,H,2,0,H
11/03/2023,17:30,Crystal Palace,Man City,0,1,A,0,0,D
12/03/2023,14:00,Fulham,Arsenal,0,3,A,0,3,A
12/03/2023,14:00,Man United,Southampton,0,0,D,0,0,D
12/03/2023,14:00,West Ham,Aston Villa,1,1,D,1,1,D
12/03/2023,16:30,Newcastle,Wolves,2,1,H,1,0,H
15/03/2023,19:30,Brighton,Crystal Palace,1,0,H,1,0,H
15/03/2023,19:30,Southampton,Brentford,0,2,A,0,1,A
17/03/2023,20:00,Nott'm Forest,Newcastle,1,2,A,1,1,D
18/03/2023,15:00,Aston Villa,Bournemouth,3,0,H,1,0,H
18/03/2023,15:00,Brentford,Leicester,1,1,D,1,0,H
18/03/2023,15:00,Southampton,Tottenham,3,3,D,0,1,A
18/03/2023,15:00,Wolves,Leeds,2,4,A,0,1,A
18/03/2023,17:30,Chelsea,Everton,2,2,D,0,0,D
19/03/2023,14:00,Arsenal,Crystal Palace,4,1,H,2,0,H
01/04/2023,12:30,Man City,Liverpool,4,1,H,1,1,D
01/04/2023,15:00,Arsenal,Leeds,4,1,H,1,0,H
01/04/2023,15:00,Bournemouth,Fulham,2,1,H,0,1,A
01/04/2023,15:00,Brighton,Brentford,3,3,D,2,2,D
01/04/2023,15:00,Crystal Palace,Leicester,2,1,H,0,0,D
01/04/2023,15:00,Nott'm Forest,Wolves,1,1,D,1,0,H
01/04/2023,17:30,Chelsea,Aston Villa,0,2,A,0,1,A
02/04/2023,14:00,West Ham,Southampton,1,0,H,1,0,H
02/04/2023,16:30,Newcastle,Man United,2,0,H,0,0,D
03/04/2023,20:00,Everton,Tottenham,1,1,D,0,0,D
04/04/2023,19:45,Bournemouth,Brighton,0,2,A,0,1,A
04/04/2023,19:45,Leeds,Nott'm Forest,2,1,H,2,1,H
04/04/2023,19:45,Leicester,Aston Villa,1,2,A,1,1,D
04/04/2023,20:00,Chelsea,Liverpool,0,0,D,0,0,D
05/04/2023,20:00,Man United,Brentford,1,0,H,1,0,H
05/04/2023,20:00,West Ham,Newcastle,1,5,A,1,2,A
08/04/2023,12:30,Man United,Everton,2,0,H,1,0,H
08/04/2023,15:00,Aston Villa,Nott'm Forest,2,0,H,0,0,D
08/04/2023,15:00,Brentford,Newcastle,1,2,A,1,0,H
08/04/2023,15:00,Fulham,West Ham,0,1,A,0,1,A
08/04/2023,15:00,Leicester,Bournemouth,0,1,A,0,1,A
08/04/2023,15:00,Tottenham,Brighton,2,1,H,1,1,D
08/04/2023,15:00,Wolves,Chelsea,1,0,H,1,0,H
08/04/2023,17:30,Southampton,Man City,1,4,A,0,1,A
09/04/2023,14:00,Leeds,Crystal Palace,1,5,A,1,1,D
09/04/2023,16:30,Liverpool,Arsenal,2,2,D,1,2,A
15/04/2023,12:30,Aston Villa,Newcastle,3,0,H,1,0,H
15/04/2023,15:00,Chelsea,Brighton,1,2,A,1,1,D
15/04/2023,15:00,Everton,Fulham,1,3,A,1,1,D
15/04/2023,15:00,Southampton,Crystal Palace,0,2,A,0,0,D
15/04/2023,15:00,Tottenham,Bournemouth,2,3,A,1,1,D
15/04/2023,15:00,Wolves,Brentford,2,0,H,1,0,H
15/04/2023,17:30,Man City,Leicester,3,1,H,3,0,H
16/04/2023,14:00,West Ham,Arsenal,2,2,D,1,2,A
16/04/2023,16:30,Nott'm Forest,Man United,0,2,A,0,1,A
17/04/2023,20:00,Leeds,Liverpool,1,6,A,0,2,A
21/04/2023,20:00,Arsenal,Southampton,3,3,D,1,2,A
22/04/2023,12:30,Fulham,Leeds,2,1,H,0,0,D
22/04/2023,15:00,Brentford,Aston Villa,1,1,D,0,0,D
22/04/2023,15:00,Crystal Palace,Everton,0,0,D,0,0,D
22/04/2023,15:00,Leicester,Wolves,2,1,H,1,1,D
22/04/2023,15:00,Liverpool,Nott'm Forest,3,2,H,0,0,D
23/04/2023,14:00,Bournemouth,West Ham,0,4,A,0,3,A
23/04/2023,14:00,Newcastle,Tottenham,6,1,H,5,0,H
25/04/2023,19:30,Wolves,Crystal Palace,2,0,H,1,0,H
25/04/2023,19:45,Aston Villa,Fulham,1,0,H,1,0,H
25/04/2023,20:00,Leeds,Leicester,1,1,D,1,0,H
26/04/2023,19:30,Nott'm Forest,Brighton,3,1,H,1,1,D
26/04/2023,19:45,Chelsea,Brentford,0,2,A,0,1,A
26/04/2023,19:45,West Ham,Liverpool,1,2,A,1,1,D
26/04/2023,20:00,Man City,Arsenal,4,1,H,2,0,H
27/04/2023,19:45,Everton,Newcastle,1,4,A,0,1,A
27/04/2023,19:45,Southampton,Bournemouth,0,1,A,0,0,D
27/04/2023,20:15,Tottenham,Man United,2,2,D,0,2,A
29/04/2023,12:30,Crystal Palace,West Ham,4,3,H,3,2,H
29/04/2023,15:00,Brentford,Nott'm Forest,2,1,H,0,1,A
29/04/2023,15:00,Brighton,Wolves,6,0,H,4,0,H
30/04/2023,14:00,Bournemouth,Leeds,4,1,H,2,1,H
30/04/2023,14:00,Fulham,Man City,1,2,A,1,2,A
30/04/2023,14:00,Man United,Aston Villa,1,0,H,1,0,H
30/04/2023,14:00,Newcastle,Southampton,3,1,H,0,1,A
30/04/2023,16:30,Liverpool,Tottenham,4,3,H,3,1,H
01/05/2023,20:00,Leicester,Everton,2,2,D,2,1,H
02/05/2023,20:00,Arsenal,Chelsea,3,1,H,3,0,H
03/05/2023,20:00,Liverpool,Fulham,1,0,H,1,0,H
03/05/2023,20:00,Man City,West Ham,3,0,H,0,0,D
04/05/2023,20:00,Brighton,Man United,1,0,H,0,0,D
06/05/2023,15:00,Bournemouth,Chelsea,1,3,A,1,1,D
06/05/2023,15:00,Man City,Leeds,2,1,H,2,0,H
06/05/2023,15:00,Tottenham,Crystal Palace,1,0,H,1,0,H
06/05/2023,15:00,Wolves,Aston Villa,1,0,H,1,0,H
06/05/2023,17:30,Liverpool,Brentford,1,0,H,1,0,H
07/05/2023,16:30,Newcastle,Arsenal,0,2,A,0,1,A
07/05/2023,19:00,West Ham,Man United,1,0,H,1,0,H
08/05/2023,15:00,Fulham,Leicester,5,3,H,3,0,H
08/05/2023,17:30,Brighton,Everton,1,5,A,0,3,A
08/05/2023,20:00,Nott'm Forest,Southampton,4,3,H,3,1,H
13/05/2023,12:30,Leeds,Newcastle,2,2,D,1,1,D
13/05/2023,15:00,Aston Villa,Tottenham,2,1,H,1,0,H
13/05/2023,15:00,Chelsea,Nott'm Forest,2,2,D,0,1,A
13/05/2023,15:00,Crystal Palace,Bournemouth,2,0,H,1,0,H
13/05/2023,15:00,Man United,Wolves,2,0,H,1,0,H
13/05/2023,15:00,Southampton,Fulham,0,2,A,0,0,D
14/05/2023,14:00,Brentford,West Ham,2,0,H,2,0,H
14/05/2023,14:00,Everton,Man City,0,3,A,0,2,A
14/05/2023,16:30,Arsenal,Brighton,0,3,A,0,0,D
15/05/2023,20:00,Leicester,Liverpool,0,3,A,0,2,A
18/05/2023,19:30,Newcastle,Brighton,4,1,H,2,0,H
20/05/2023,12:30,Tottenham,Brentford,1,3,A,1,0,H
20/05/2023,15:00,Bournemouth,Man United,0,1,A,0,1,A
20/05/2023,15:00,Fulham,Crystal Palace,2,2,D,1,1,D
20/05/2023,15:00,Liverpool,Aston Villa,1,1,D,0,1,A
20/05/2023,15:00,Wolves,Everton,1,1,D,1,0,H
20/05/2023,17:30,Nott'm Forest,Arsenal,1,0,H,1,0,H
21/05/2023,13:30,West Ham,Leeds,3,1,H,1,1,D
21/05/2023,14:00,Brighton,Southampton,3,1,H,2,0,H
21/05/2023,16:00,Man City,Chelsea,1,0,H,1,0,H
22/05/2023,20:00,Newcastle,Leicester,0,0,D,0,0,D
24/05/2023,20:00,Brighton,Man City,1,1,D,1,1,D
25/05/2023,20:00,Man United,Chelsea,4,1,H,2,0,H
28/05/2023,16:30,Arsenal,Wolves,5,0,H,3,0,H
28/05/2023,16:30,Aston Villa,Brighton,2,1,H,2,1,H
28/05/2023,16:30,Brentford,Man City,1,0,H,0,0,D
28/05/2023,16:30,Chelsea,Newcastle,1,1,D,1,1,D
28/05/2023,16:30,Crystal Palace,Nott'm Forest,1,1,D,0,1,A
28/05/2023,16:30,Everton,Bournemouth,1,0,H,0,0,D
28/05/2023,16:30,Leeds,Tottenham,1,4,A,0,1,A
28/05/2023,16:30,Leicester,West Ham,2,1,H,1,0,H
28/05/2023,16:30,Man United,Fulham,2,1,H,1,1,D
28/05/2023,16:30,Southampton,Liverpool,4,4,D,2,2,D
11/08/2023,20:00,Burnley,Man City,0,3,A,0,2,A
12/08/2023,12:30,Arsenal,Nott'm Forest,2,1,H,2,0,H
12/08/2023,15:00,Bournemouth,West Ham,1,1,D,0,0,D
12/08/2023,15:00,Brighton,Luton,4,1,H,1,0,H
12/08/2023,15:00,Everton,Fulham,0,1,A,0,0,D
12/08/2023,15:00,Sheffield United,Crystal Palace,0,1,A,0,0,D
12/08/2023,17:30,Newcastle,Aston Villa,5,1,H,2,1,H
13/08/2023,14:00,Brentford,Tottenham,2,2,D,2,2,D
13/08/2023,16:30,Chelsea,Liverpool,1,1,D,1,1,D
14/08/2023,20:00,Man United,Wolves,1,0,H,0,0,D
18/08/2023,19:45,Nott'm Forest,Sheffield United,2,1,H,1,0,H
19/08/2023,15:00,Fulham,Brentford,0,3,A,0,1,A
19/08/2023,15:00,Liverpool,Bournemouth,3,1,H,2,1,H
19/08/2023,15:00,Wolves,Brighton,1,4,A,0,1,A
19/08/2023,17:30,Tottenham,Man United,2,0,H,0,0,D
19/08/2023,20:00,Man City,Newcastle,1,0,H,1,0,H
20/08/2023,14:00,Aston Villa,Everton,4,0,H,2,0,H
20/08/2023,16:30,West Ham,Chelsea,3,1,H,1,1,D
21/08/2023,20:00,Crystal Palace,Arsenal,0,1,A,0,0,D
25/08/2023,20:00,Chelsea,Luton,3,0,H,1,0,H
26/08/2023,12:30,Bournemouth,Tottenham,0,2,A,0,1,A
26/08/2023,15:00,Arsenal,Fulham,2,2,D,0,1,A
26/08/2023,15:00,Brentford,Crystal Palace,1,1,D,1,0,H
26/08/2023,15:00,Everton,Wolves,0,1,A,0,0,D
26/08/2023,15:00,Man United,Nott'm Forest,3,2,H,1,2,A
26/08/2023,17:30,Brighton,West Ham,1,3,A,0,1,A
27/08/2023,14:00,Burnley,Aston Villa,1,3,A,0,2,A
27/08/2023,14:00,Sheffield United,Man City,1,2,A,0,0,D
27/08/2023,16:30,Newcastle,Liverpool,1,2,A,1,0,H
01/09/2023,20:00,Luton,West Ham,1,2,A,0,1,A
02/09/2023,12:30,Sheffield United,Everton,2,2,D,2,1,H
02/09/2023,15:00,Brentford,Bournemouth,2,2,D,1,1,D
02/09/2023,15:00,Burnley,Tottenham,2,5,A,1,2,A
02/09/2023,15:00,Chelsea,Nott'm Forest,0,1,A,0,0,D
02/09/2023,15:00,Man City,Fulham,5,1,H,2,1,H
02/09/2023,17:30,Brighton,Newcastle,3,1,H,1,0,H
03/09/2023,14:00,Crystal Palace,Wolves,3,2,H,0,0,D
03/09/2023,14:00,Liverpool,Aston Villa,3,0,H,2,0,H
03/09/2023,16:30,Arsenal,Man United,3,1,H,1,1,D
16/09/2023,12:30,Wolves,Liverpool,1,3,A,1,0,H
16/09/2023,15:00,Aston Villa,Crystal Palace,3,1,H,0,0,D
16/09/2023,15:00,Fulham,Luton,1,0,H,0,0,D
16/09/2023,15:00,Man United,Brighton,1,3,A,0,1,A
16/09/2023,15:00,Tottenham,Sheffield United,2,1,H,0,0,D
16/09/2023,15:00,West Ham,Man City,1,3,A,1,0,H
16/09/2023,17:30,Newcastle,Brentford,1,0,H,0,0,D
17/09/2023,14:00,Bournemouth,Chelsea,0,0,D,0,0,D
17/09/2023,16:30,Everton,Arsenal,0,1,A,0,0,D
18/09/2023,19:45,Nott'm Forest,Burnley,1,1,D,0,1,A
23/09/2023,15:00,Crystal Palace,Fulham,0,0,D,0,0,D
23/09/2023,15:00,Luton,Wolves,1,1,D,0,0,D
23/09/2023,15:00,Man City,Nott'm Forest,2,0,H,2,0,H
23/09/2023,17:30,Brentford,Everton,1,3,A,1,1,D
23/09/2023,20:00,Burnley,Man United,0,1,A,0,1,A
24/09/2023,14:00,Arsenal,Tottenham,2,2,D,1,1,D
24/09/2023,14:00,Brighton,Bournemouth,3,1,H,1,1,D
24/09/2023,14:00,Chelsea,Aston Villa,0,1,A,0,0,D
24/09/2023,14:00,Liverpool,West Ham,3,1,H,1,1,D
24/09/2023,16:30,Sheffield United,Newcastle,0,8,A,0,3,A
30/09/2023,12:30,Aston Villa,Brighton,6,1,H,3,0,H
30/09/2023,15:00,Bournemouth,Arsenal,0,4,A,0,2,A
30/09/2023,15:00,Everton,Luton,1,2,A,1,2,A
30/09/2023,15:00,Man United,Crystal Palace,0,1,A,0,1,A
30/09/2023,15:00,Newcastle,Burnley,2,0,H,1,0,H
30/09/2023,15:00,West Ham,Sheffield United,2,0,H,2,0,H
30/09/2023,15:00,Wolves,Man City,2,1,H,1,0,H
30/09/2023,17:30,Tottenham,Liverpool,2,1,H,1,1,D
01/10/2023,14:00,Nott'm Forest,Brentford,1,1,D,0,0,D
02/10/2023,20:00,Fulham,Chelsea,0,2,A,0,2,A
03/10/2023,19:30,Luton,Burnley,1,2,A,0,1,A
07/10/2023,12:30,Luton,Tottenham,0,1,A,0,0,D
07/10/2023,15:00,Burnley,Chelsea,1,4,A,1,1,D
07/10/2023,15:00,Everton,Bournemouth,3,0,H,2,0,H
07/10/2023,15:00,Fulham,Sheffield United,3,1,H,0,0,D
07/10/2023,15:00,Man United,Brentford,2,1,H,0,1,A
07/10/2023,17:30,Crystal Palace,Nott'm Forest,0,0,D,0,0,D
08/10/2023,14:00,Brighton,Liverpool,2,2,D,1,2,A
08/10/2023,14:00,West Ham,Newcastle,2,2,D,1,0,H
08/10/2023,14:00,Wolves,Aston Villa,1,1,D,0,0,D
08/10/2023,16:30,Arsenal,Man City,1,0,H,0,0,D
21/10/2023,12:30,Liverpool,Everton,2,0,H,0,0,D
21/10/2023,15:00,Bournemouth,Wolves,1,2,A,1,0,H
21/10/2023,15:00,Brentford,Burnley,3,0,H,1,0,H
21/10/2023,15:00,Man City,Brighton,2,1,H,2,0,H
21/10/2023,15:00,Newcastle,Crystal Palace,4,0,H,3,0,H
21/10/2023,15:00,Nott'm Forest,Luton,2,2,D,0,0,D
21/10/2023,17:30,Chelsea,Arsenal,2,2,D,1,0,H
21/10/2023,20:00,Sheffield United,Man United,1,2,A,1,1,D
22/10/2023,16:30,Aston Villa,West Ham,4,1,H,1,0,H
23/10/2023,20:00,Tottenham,Fulham,2,0,H,1,0,H
27/10/2023,20:00,Crystal Palace,Tottenham,1,2,A,0,0,D
28/10/2023,12:30,Chelsea,Brentford,0,2,A,0,0,D
28/10/2023,15:00,Arsenal,Sheffield United,5,0,H,1,0,H
28/10/2023,15:00,Bournemouth,Burnley,2,1,H,1,1,D
28/10/2023,17:30,Wolves,Newcastle,2,2,D,1,2,A
29/10/2023,13:00,West Ham,Everton,0,1,A,0,0,D
29/10/2023,14:00,Aston Villa,Luton,3,1,H,1,0,H
29/10/2023,14:00,Brighton,Fulham,1,1,D,1,0,H
29/10/2023,14:00,Liverpool,Nott'm Forest,3,0,H,2,0,H
29/10/2023,15:30,Man United,Man City,0,3,A,0,1,A
04/11/2023,12:30,Fulham,Man United,0,1,A,0,0,D
04/11/2023,15:00,Brentford,West Ham,3,2,H,1,2,A
04/11/2023,15:00,Burnley,Crystal Palace,0,2,A,0,1,A
04/11/2023,15:00,Everton,Brighton,1,1,D,1,0,H
04/11/2023,15:00,Man City,Bournemouth,6,1,H,3,0,H
04/11/2023,15:00,Sheffield United,Wolves,2,1,H,0,0,D
04/11/2023,17:30,Newcastle,Arsenal,1,0,H,0,0,D
05/11/2023,14:00,Nott'm Forest,Aston Villa,2,0,H,1,0,H
05/11/2023,16:30,Luton,Liverpool,1,1,D,0,0,D
06/11/2023,20:00,Tottenham,Chelsea,1,4,A,1,1,D
11/11/2023,12:30,Wolves,Tottenham,2,1,H,0,1,A
11/11/2023,15:00,Arsenal,Burnley,3,1,H,1,0,H
11/11/2023,15:00,Crystal Palace,Everton,2,3,A,1,1,D
11/11/2023,15:00,Man United,Luton,1,0,H,0,0,D
11/11/2023,17:30,Bournemouth,Newcastle,2,0,H,0,0,D
12/11/2023,14:00,Aston Villa,Fulham,3,1,H,2,0,H
12/11/2023,14:00,Brighton,Sheffield United,1,1,D,1,0,H
12/11/2023,14:00,Liverpool,Brentford,3,0,H,1,0,H
12/11/2023,14:00,West Ham,Nott'm Forest,3,2,H,1,1,D
12/11/2023,16:30,Chelsea,Man City,4,4,D,2,2,D
25/11/2023,12:30,Man City,Liverpool,1,1,D,1,0,H
25/11/2023,15:00,Burnley,West Ham,1,2,A,0,0,D
25/11/2023,15:00,Luton,Crystal Palace,2,1,H,0,0,D
25/11/2023,15:00,Newcastle,Chelsea,4,1,H,1,1,D
25/11/2023,15:00,Nott'm Forest,Brighton,2,3,A,1,2,A
25/11/2023,15:00,Sheffield United,Bournemouth,1,3,A,0,2,A
25/11/2023,17:30,Brentford,Arsenal,0,1,A,0,0,D
26/11/2023,14:00,Tottenham,Aston Villa,1,2,A,1,1,D
26/11/2023,16:30,Everton,Man United,0,3,A,0,1,A
27/11/2023,20:00,Fulham,Wolves,3,2,H,1,1,D
02/12/2023,15:00,Arsenal,Wolves,2,1,H,2,0,H
02/12/2023,15:00,Brentford,Luton,3,1,H,0,0,D
02/12/2023,15:00,Burnley,Sheffield United,5,0,H,2,0,H
02/12/2023,17:30,Nott'm Forest,Everton,0,1,A,0,0,D
02/12/2023,20:00,Newcastle,Man United,1,0,H,0,0,D
03/12/2023,14:00,Bournemouth,Aston Villa,2,2,D,1,1,D
03/12/2023,14:00,Chelsea,Brighton,3,2,H,2,1,H
03/12/2023,14:00,Liverpool,Fulham,4,3,H,2,2,D
03/12/2023,14:00,West Ham,Crystal Palace,1,1,D,1,0,H
03/12/2023,16:30,Man City,Tottenham,3,3,D,2,1,H
05/12/2023,19:30,Wolves,Burnley,1,0,H,1,0,H
05/12/2023,20:15,Luton,Arsenal,3,4,A,1,2,A
06/12/2023,19:30,Brighton,Brentford,2,1,H,1,1,D
06/12/2023,19:30,Crystal Palace,Bournemouth,0,2,A,0,1,A
06/12/2023,19:30,Fulham,Nott'm Forest,5,0,H,2,0,H
06/12/2023,19:30,Sheffield United,Liverpool,0,2,A,0,1,A
06/12/2023,20:15,Aston Villa,Man City,1,0,H,0,0,D
06/12/2023,20:15,Man United,Chelsea,2,1,H,1,1,D
07/12/2023,19:30,Everton,Newcastle,3,0,H,0,0,D
07/12/2023,20:15,Tottenham,West Ham,1,2,A,1,0,H
09/12/2023,12:30,Crystal Palace,Liverpool,1,2,A,0,0,D
09/12/2023,15:00,Brighton,Burnley,1,1,D,0,1,A
09/12/2023,15:00,Man United,Bournemouth,0,3,A,0,1,A
09/12/2023,15:00,Sheffield United,Brentford,1,0,H,1,0,H
09/12/2023,15:00,Wolves,Nott'm Forest,1,1,D,1,1,D
09/12/2023,17:30,Aston Villa,Arsenal,1,0,H,1,0,H
10/12/2023,14:00,Everton,Chelsea,2,0,H,0,0,D
10/12/2023,14:00,Fulham,West Ham,5,0,H,3,0,H
10/12/2023,14:00,Luton,Man City,1,2,A,1,0,H
10/12/2023,16:30,Tottenham,Newcastle,4,1,H,2,0,H
15/12/2023,20:00,Nott'm Forest,Tottenham,0,2,A,0,1,A
16/12/2023,15:00,Chelsea,Sheffield United,2,0,H,0,0,D
16/12/2023,15:00,Man City,Crystal Palace,2,2,D,1,0,H
16/12/2023,15:00,Newcastle,Fulham,3,0,H,0,0,D
16/12/2023,17:30,Burnley,Everton,0,2,A,0,2,A
17/12/2023,14:00,Arsenal,Brighton,2,0,H,0,0,D
17/12/2023,14:00,Brentford,Aston Villa,1,2,A,1,0,H
17/12/2023,14:00,West Ham,Wolves,3,0,H,2,0,H
17/12/2023,16:30,Liverpool,Man United,0,0,D,0,0,D
21/12/2023,20:00,Crystal Palace,Brighton,1,1,D,1,0,H
22/12/2023,20:00,Aston Villa,Sheffield United,1,1,D,0,0,D
23/12/2023,12:30,West Ham,Man United,2,0,H,0,0,D
23/12/2023,15:00,Fulham,Burnley,0,2,A,0,0,D
23/12/2023,15:00,Luton,Newcastle,1,0,H,1,0,H
23/12/2023,15:00,Nott'm Forest,Bournemouth,2,3,A,0,0,D
23/12/2023,15:00,Tottenham,Everton,2,1,H,2,0,H
23/12/2023,17:30,Liverpool,Arsenal,1,1,D,1,1,D
24/12/2023,13:00,Wolves,Chelsea,2,1,H,0,0,D
26/12/2023,12:30,Newcastle,Nott'm Forest,1,3,A,1,1,D
26/12/2023,15:00,Bournemouth,Fulham,3,0,H,1,0,H
26/12/2023,15:00,Sheffield United,Luton,2,3,A,0,1,A
26/12/2023,17:30,Burnley,Liverpool,0,2,A,0,1,A
26/12/2023,20:00,Man United,Aston Villa,3,2,H,0,2,A
27/12/2023,19:30,Brentford,Wolves,1,4,A,1,3,A
27/12/2023,19:30,Chelsea,Crystal Palace,2,1,H,1,1,D
27/12/2023,20:15,Everton,Man City,1,3,A,1,0,H
28/12/2023,19:30,Brighton,Tottenham,4,2,H,2,0,H
28/12/2023,20:15,Arsenal,West Ham,0,2,A,0,1,A
30/12/2023,12:30,Luton,Chelsea,2,3,A,0,2,A
30/12/2023,15:00,Aston Villa,Burnley,3,2,H,2,1,H
30/12/2023,15:00,Crystal Palace,Brentford,3,1,H,2,1,H
30/12/2023,15:00,Man City,Sheffield United,2,0,H,1,0,H
30/12/2023,15:00,Wolves,Everton,3,0,H,1,0,H
30/12/2023,17:30,Nott'm Forest,Man United,2,1,H,0,0,D
31/12/2023,14:00,Fulham,Arsenal,2,1,H,1,1,D
31/12/2023,14:00,Tottenham,Bournemouth,3,1,H,1,0,H
01/01/2024,20:00,Liverpool,Newcastle,4,2,H,0,0,D
02/01/2024,19:30,West Ham,Brighton,0,0,D,0,0,D
12/01/2024,19:45,Burnley,Luton,1,1,D,1,0,H
13/01/2024,12:30,Chelsea,Fulham,1,0,H,1,0,H
13/01/2024,17:30,Newcastle,Man City,2,3,A,2,1,H
14/01/2024,14:00,Everton,Aston Villa,0,0,D,0,0,D
14/01/2024,16:30,Man United,Tottenham,2,2,D,2,1,H
20/01/2024,12:30,Arsenal,Crystal Palace,5,0,H,2,0,H
20/01/2024,17:30,Brentford,Nott'm Forest,3,2,H,1,1,D
21/01/2024,14:00,Sheffield United,West Ham,2,2,D,1,1,D
21/01/2024,16:30,Bournemouth,Liverpool,0,4,A,0,0,D
22/01/2024,19:45,Brighton,Wolves,0,0,D,0,0,D
30/01/2024,19:30,Nott'm Forest,Arsenal,1,2,A,0,0,D
30/01/2024,19:45,Fulham,Everton,0,0,D,0,0,D
30/01/2024,19:45,Luton,Brighton,4,0,H,3,0,H
30/01/2024,20:00,Crystal Palace,Sheffield United,3,2,H,2,2,D
30/01/2024,20:15,Aston Villa,Newcastle,1,3,A,0,2,A
31/01/2024,19:30,Man City,Burnley,3,1,H,2,0,H
31/01/2024,19:30,Tottenham,Brentford,3,2,H,0,1,A
31/01/2024,20:15,Liverpool,Chelsea,4,1,H,2,0,H
01/02/2024,19:30,West Ham,Bournemouth,1,1,D,0,1,A
01/02/2024,20:15,Wolves,Man United,3,4,A,0,2,A
03/02/2024,12:30,Everton,Tottenham,2,2,D,1,2,A
03/02/2024,15:00,Brighton,Crystal Palace,4,1,H,3,0,H
03/02/2024,15:00,Burnley,Fulham,2,2,D,0,2,A
03/02/2024,15:00,Newcastle,Luton,4,4,D,2,2,D
03/02/2024,17:30,Sheffield United,Aston Villa,0,5,A,0,4,A
04/02/2024,14:00,Bournemouth,Nott'm Forest,1,1,D,1,1,D
04/02/2024,14:00,Chelsea,Wolves,2,4,A,1,2,A
04/02/2024,14:00,Man United,West Ham,3,0,H,1,0,H
04/02/2024,16:30,Arsenal,Liverpool,3,1,H,1,1,D
05/02/2024,20:00,Brentford,Man City,1,3,A,1,1,D
10/02/2024,12:30,Man City,Everton,2,0,H,0,0,D
10/02/2024,15:00,Fulham,Bournemouth,3,1,H,2,0,H
10/02/2024,15:00,Liverpool,Burnley,3,1,H,1,1,D
10/02/2024,15:00,Luton,Sheffield United,1,3,A,0,2,A
10/02/2024,15:00,Tottenham,Brighton,2,1,H,0,1,A
10/02/2024,15:00,Wolves,Brentford,0,2,A,0,1,A
10/02/2024,17:30,Nott'm Forest,Newcastle,2,3,A,2,2,D
11/02/2024,14:00,West Ham,Arsenal,0,6,A,0,4,A
11/02/2024,16:30,Aston Villa,Man United,1,2,A,0,1,A
12/02/2024,20:00,Crystal Palace,Chelsea,1,3,A,1,0,H
17/02/2024,12:30,Brentford,Liverpool,1,4,A,0,1,A
17/02/2024,15:00,Burnley,Arsenal,0,5,A,0,2,A
17/02/2024,15:00,Fulham,Aston Villa,1,2,A,0,1,A
17/02/2024,15:00,Newcastle,Bournemouth,2,2,D,0,0,D
17/02/2024,15:00,Nott'm Forest,West Ham,2,0,H,1,0,H
17/02/2024,15:00,Tottenham,Wolves,1,2,A,0,1,A
17/02/2024,17:30,Man City,Chelsea,1,1,D,0,1,A
18/02/2024,14:00,Sheffield United,Brighton,0,5,A,0,2,A
18/02/2024,16:30,Luton,Man United,1,2,A,1,2,A
19/02/2024,20:00,Everton,Crystal Palace,1,1,D,0,0,D
20/02/2024,19:30,Man City,Brentford,1,0,H,0,0,D
21/02/2024,19:30,Liverpool,Luton,4,1,H,0,1,A
24/02/2024,15:00,Aston Villa,Nott'm Forest,4,2,H,3,1,H
24/02/2024,15:00,Brighton,Everton,1,1,D,0,0,D
24/02/2024,15:00,Crystal Palace,Burnley,3,0,H,0,0,D
24/02/2024,15:00,Man United,Fulham,1,2,A,0,0,D
24/02/2024,17:30,Bournemouth,Man City,0,1,A,0,1,A
24/02/2024,20:00,Arsenal,Newcastle,4,1,H,2,0,H
25/02/2024,13:30,Wolves,Sheffield United,1,0,H,1,0,H
26/02/2024,20:00,West Ham,Brentford,4,2,H,2,1,H
02/03/2024,15:00,Brentford,Chelsea,2,2,D,0,1,A
02/03/2024,15:00,Everton,West Ham,1,3,A,0,0,D
02/03/2024,15:00,Fulham,Brighton,3,0,H,2,0,H
02/03/2024,15:00,Newcastle,Wolves,3,0,H,2,0,H
02/03/2024,15:00,Nott'm Forest,Liverpool,0,1,A,0,0,D
02/03/2024,15:00,Tottenham,Crystal Palace,3,1,H,0,0,D
02/03/2024,17:30,Luton,Aston Villa,2,3,A,0,2,A
03/03/2024,13:00,Burnley,Bournemouth,0,2,A,0,1,A
03/03/2024,15:30,Man City,Man United,3,1,H,0,1,A
04/03/2024,20:00,Sheffield United,Arsenal,0,6,A,0,5,A
09/03/2024,12:30,Man United,Everton,2,0,H,2,0,H
09/03/2024,15:00,Bournemouth,Sheffield United,2,2,D,0,1,A
09/03/2024,15:00,Crystal Palace,Luton,1,1,D,1,0,H
09/03/2024,15:00,Wolves,Fulham,2,1,H,0,0,D
09/03/2024,17:30,Arsenal,Brentford,2,1,H,1,1,D
10/03/2024,13:00,Aston Villa,Tottenham,0,4,A,0,0,D
10/03/2024,14:00,Brighton,Nott'm Forest,1,0,H,1,0,H
10/03/2024,14:00,West Ham,Burnley,2,2,D,0,2,A
10/03/2024,15:45,Liverpool,Man City,1,1,D,0,1,A
11/03/2024,20:00,Chelsea,Newcastle,3,2,H,1,1,D
13/03/2024,19:30,Bournemouth,Luton,4,3,H,0,3,A
16/03/2024,15:00,Burnley,Brentford,2,1,H,1,0,H
16/03/2024,15:00,Luton,Nott'm Forest,1,1,D,0,1,A
16/03/2024,17:30,Fulham,Tottenham,3,0,H,1,0,H
17/03/2024,14:00,West Ham,Aston Villa,1,1,D,1,0,H
30/03/2024,12:30,Newcastle,West Ham,4,3,H,1,2,A
30/03/2024,15:00,Bournemouth,Everton,2,1,H,0,0,D
30/03/2024,15:00,Chelsea,Burnley,2,2,D,1,0,H
30/03/2024,15:00,Nott'm Forest,Crystal Palace,1,1,D,0,1,A
30/03/2024,15:00,Sheffield United,Fulham,3,3,D,0,0,D
30/03/2024,15:00,Tottenham,Luton,2,1,H,0,1,A
30/03/2024,17:30,Aston Villa,Wolves,2,0,H,1,0,H
30/03/2024,20:00,Brentford,Man United,1,1,D,0,0,D
31/03/2024,14:00,Liverpool,Brighton,2,1,H,1,1,D
31/03/2024,16:30,Man City,Arsenal,0,0,D,0,0,D
02/04/2024,19:30,Newcastle,Everton,1,1,D,1,0,H
02/04/2024,19:30,Nott'm Forest,Fulham,3,1,H,3,0,H
02/04/2024,19:45,Bournemouth,Crystal Palace,1,0,H,0,0,D
02/04/2024,19:45,Burnley,Wolves,1,1,D,1,1,D
02/04/2024,20:15,West Ham,Tottenham,1,1,D,1,1,D
03/04/2024,19:30,Arsenal,Luton,2,0,H,2,0,H
03/04/2024,19:30,Brentford,Brighton,0,0,D,0,0,D
03/04/2024,20:15,Man City,Aston Villa,4,1,H,2,1,H
04/04/2024,19:30,Liverpool,Sheffield United,3,1,H,1,0,H
04/04/2024,20:15,Chelsea,Man United,4,3,H,2,2,D
06/04/2024,12:30,Crystal Palace,Man City,2,4,A,1,1,D
06/04/2024,15:00,Aston Villa,Brentford,3,3,D,1,0,H
06/04/2024,15:00,Everton,Burnley,1,0,H,1,0,H
06/04/2024,15:00,Fulham,Newcastle,0,1,A,0,0,D
06/04/2024,15:00,Luton,Bournemouth,2,1,H,0,0,D
06/04/2024,15:00,Wolves,West Ham,1,2,A,1,0,H
06/04/2024,17:30,Brighton,Arsenal,0,3,A,0,1,A
07/04/2024,15:30,Man United,Liverpool,2,2,D,0,1,A
07/04/2024,17:30,Sheffield United,Chelsea,2,2,D,1,1,D
07/04/2024,18:00,Tottenham,Nott'm Forest,3,1,H,1,1,D
13/04/2024,12:30,Newcastle,Tottenham,4,0,H,2,0,H
13/04/2024,15:00,Brentford,Sheffield United,2,0,H,0,0,D
13/04/2024,15:00,Burnley,Brighton,1,1,D,0,0,D
13/04/2024,15:00,Man City,Luton,5,1,H,1,0,H
13/04/2024,15:00,Nott'm Forest,Wolves,2,2,D,1,1,D
13/04/2024,17:30,Bournemouth,Man United,2,2,D,2,1,H
14/04/2024,14:00,Liverpool,Crystal Palace,0,1,A,0,1,A
14/04/2024,14:00,West Ham,Fulham,0,2,A,0,1,A
14/04/2024,16:30,Arsenal,Aston Villa,0,2,A,0,0,D
15/04/2024,20:00,Chelsea,Everton,6,0,H,4,0,H
20/04/2024,15:00,Luton,Brentford,1,5,A,0,2,A
20/04/2024,15:00,Sheffield United,Burnley,1,4,A,0,2,A
20/04/2024,19:30,Wolves,Arsenal,0,2,A,0,1,A
21/04/2024,13:30,Everton,Nott'm Forest,2,0,H,1,0,H
21/04/2024,15:00,Aston Villa,Bournemouth,3,1,H,1,1,D
21/04/2024,15:00,Crystal Palace,West Ham,5,2,H,4,1,H
21/04/2024,16:30,Fulham,Liverpool,1,3,A,1,1,D
23/04/2024,20:00,Arsenal,Chelsea,5,0,H,1,0,H
24/04/2024,19:45,Wolves,Bournemouth,0,1,A,0,1,A
24/04/2024,20:00,Crystal Palace,Newcastle,2,0,H,0,0,D
24/04/2024,20:00,Everton,Liverpool,2,0,H,1,0,H
24/04/2024,20:00,Man United,Sheffield United,4,2,H,1,1,D
25/04/2024,20:00,Brighton,Man City,0,4,A,0,3,A
27/04/2024,12:30,West Ham,Liverpool,2,2,D,1,0,H
27/04/2024,15:00,Fulham,Crystal Palace,1,1,D,0,0,D
27/04/2024,15:00,Man United,Burnley,1,1,D,0,0,D
27/04/2024,15:00,Newcastle,Sheffield United,5,1,H,1,1,D
27/04/2024,15:00,Wolves,Luton,2,1,H,1,0,H
27/04/2024,17:30,Everton,Brentford,1,0,H,0,0,D
27/04/2024,20:00,Aston Villa,Chelsea,2,2,D,2,0,H
28/04/2024,14:00,Bournemouth,Brighton,3,0,H,1,0,H
28/04/2024,14:00,Tottenham,Arsenal,2,3,A,0,3,A
28/04/2024,16:30,Nott'm Forest,Man City,0,2,A,0,1,A
02/05/2024,19:30,Chelsea,Tottenham,2,0,H,1,0,H
03/05/2024,20:00,Luton,Everton,1,1,D,1,1,D
04/05/2024,12:30,Arsenal,Bournemouth,3,0,H,1,0,H
04/05/2024,15:00,Brentford,Fulham,0,0,D,0,0,D
04/05/2024,15:00,Burnley,Newcastle,1,4,A,0,3,A
04/05/2024,15:00,Sheffield United,Nott'm Forest,1,3,A,1,1,D
04/05/2024,17:30,Man City,Wolves,5,1,H,3,0,H
05/05/2024,14:00,Brighton,Aston Villa,1,0,H,0,0,D
05/05/2024,14:00,Chelsea,West Ham,5,0,H,3,0,H
05/05/2024,16:30,Liverpool,Tottenham,4,2,H,2,0,H
06/05/2024,20:00,Crystal Palace,Man United,4,0,H,2,0,H
11/05/2024,12:30,Fulham,Man City,0,4,A,0,1,A
11/05/2024,15:00,Bournemouth,Brentford,1,2,A,0,0,D
11/05/2024,15:00,Everton,Sheffield United,1,0,H,1,0,H
11/05/2024,15:00,Newcastle,Brighton,1,1,D,1,1,D
11/05/2024,15:00,Tottenham,Burnley,2,1,H,1,1,D
11/05/2024,15:00,West Ham,Luton,3,1,H,0,1,A
11/05/2024,15:00,Wolves,Crystal Palace,1,3,A,0,2,A
11/05/2024,17:30,Nott'm Forest,Chelsea,2,3,A,1,1,D
12/05/2024,16:30,Man United,Arsenal,0,1,A,0,1,A
13/05/2024,20:00,Aston Villa,Liverpool,3,3,D,1,2,A
14/05/2024,20:00,Tottenham,Man City,0,2,A,0,0,D
15/05/2024,19:45,Brighton,Chelsea,1,2,A,0,1,A
15/05/2024,20:00,Man United,Newcastle,3,2,H,1,0,H
19/05/2024,16:00,Arsenal,Everton,2,1,H,1,1,D
19/05/2024,16:00,Brentford,Newcastle,2,4,A,0,3,A
19/05/2024,16:00,Brighton,Man United,0,2,A,0,0,D
19/05/2024,16:00,Burnley,Nott'm Forest,1,2,A,0,2,A
19/05/2024,16:00,Chelsea,Bournemouth,2,1,H,1,0,H
19/05/2024,16:00,Crystal Palace,Aston Villa,5,0,H,2,0,H
19/05/2024,16:00,Liverpool,Wolves,2,0,H,2,0,H
19/05/2024,16:00,Luton,Fulham,2,4,A,1,2,A
19/05/2024,16:00,Man City,West Ham,3,1,H,2,1,H
19/05/2024,16:00,Sheffield United,Tottenham,0,3,A,0,1,A
16/08/2024,20:00,Man United,Fulham,1,0,H,0,0,D
17/08/2024,12:30,Ipswich,Liverpool,0,2,A,0,0,D
17/08/2024,15:00,Arsenal,Wolves,2,0,H,1,0,H
17/08/2024,15:00,Everton,Brighton,0,3,A,0,1,A
17/08/2024,15:00,Newcastle,Southampton,1,0,H,1,0,H
17/08/2024,15:00,Nott'm Forest,Bournemouth,1,1,D,1,0,H
17/08/2024,17:30,West Ham,Aston Villa,1,2,A,1,1,D
18/08/2024,14:00,Brentford,Crystal Palace,2,1,H,1,0,H
18/08/2024,16:30,Chelsea,Man City,0,2,A,0,1,A
19/08/2024,20:00,Leicester,Tottenham,1,1,D,0,1,A
24/08/2024,12:30,Brighton,Man United,2,1,H,1,0,H
24/08/2024,15:00,Crystal Palace,West Ham,0,2,A,0,0,D
24/08/2024,15:00,Fulham,Leicester,2,1,H,1,1,D
24/08/2024,15:00,Man City,Ipswich,4,1,H,3,1,H
24/08/2024,15:00,Southampton,Nott'm Forest,0,1,A,0,0,D
24/08/2024,15:00,Tottenham,Everton,4,0,H,2,0,H
24/08/2024,17:30,Aston Villa,Arsenal,0,2,A,0,0,D
25/08/2024,14:00,Bournemouth,Newcastle,1,1,D,1,0,H
25/08/2024,14:00,Wolves,Chelsea,2,6,A,2,2,D
25/08/2024,16:30,Liverpool,Brentford,2,0,H,1,0,H
31/08/2024,12:30,Arsenal,Brighton,1,1,D,1,0,H
31/08/2024,15:00,Brentford,Southampton,3,1,H,1,0,H
31/08/2024,15:00,Everton,Bournemouth,2,3,A,0,0,D
31/08/2024,15:00,Ipswich,Fulham,1,1,D,1,1,D
31/08/2024,15:00,Leicester,Aston Villa,1,2,A,0,1,A
31/08/2024,15:00,Nott'm Forest,Wolves,1,1,D,1,1,D
31/08/2024,17:30,West Ham,Man City,1,3,A,1,2,A
01/09/2024,13:30,Chelsea,Crystal Palace,1,1,D,1,0,H
01/09/2024,13:30,Newcastle,Tottenham,2,1,H,1,0,H
01/09/2024,16:00,Man United,Liverpool,0,3,A,0,2,A
14/09/2024,12:30,Southampton,Man United,0,3,A,0,2,A
14/09/2024,15:00,Brighton,Ipswich,0,0,D,0,0,D
14/09/2024,15:00,Crystal Palace,Leicester,2,2,D,0,1,A
14/09/2024,15:00,Fulham,West Ham,1,1,D,1,0,H
14/09/2024,15:00,Liverpool,Nott'm Forest,0,1,A,0,0,D
14/09/2024,15:00,Man City,Brentford,2,1,H,2,1,H
14/09/2024,17:30,Aston Villa,Everton,3,2,H,1,2,A
14/09/2024,20:00,Bournemouth,Chelsea,0,1,A,0,0,D
15/09/2024,14:00,Tottenham,Arsenal,0,1,A,0,0,D
15/09/2024,16:30,Wolves,Newcastle,1,2,A,1,0,H
21/09/2024,12:30,West Ham,Chelsea,0,3,A,0,2,A
21/09/2024,15:00,Aston Villa,Wolves,3,1,H,0,1,A
21/09/2024,15:00,Fulham,Newcastle,3,1,H,2,0,H
21/09/2024,15:00,Leicester,Everton,1,1,D,0,1,A
21/09/2024,15:00,Liverpool,Bournemouth,3,0,H,3,0,H
21/09/2024,15:00,Southampton,Ipswich,1,1,D,1,0,H
21/09/2024,15:00,Tottenham,Brentford,3,1,H,2,1,H
21/09/2024,17:30,Crystal Palace,Man United,0,0,D,0,0,D
22/09/2024,14:00,Brighton,Nott'm Forest,2,2,D,2,1,H
22/09/2024,16:30,Man City,Arsenal,2,2,D,1,2,A
28/09/2024,12:30,Newcastle,Man City,1,1,D,0,1,A
28/09/2024,15:00,Arsenal,Leicester,4,2,H,2,0,H
28/09/2024,15:00,Brentford,West Ham,1,1,D,1,0,H
28/09/2024,15:00,Chelsea,Brighton,4,2,H,4,2,H
28/09/2024,15:00,Everton,Crystal Palace,2,1,H,0,1,A
28/09/2024,15:00,Nott'm Forest,Fulham,0,1,A,0,0,D
28/09/2024,17:30,Wolves,Liverpool,1,2,A,0,1,A
29/09/2024,14:00,Ipswich,Aston Villa,2,2,D,1,2,A
29/09/2024,16:30,Man United,Tottenham,0,3,A,0,1,A
30/09/2024,20:00,Bournemouth,Southampton,3,1,H,3,0,H
05/10/2024,12:30,Crystal Palace,Liverpool,0,1,A,0,1,A
05/10/2024,15:00,Arsenal,Southampton,3,1,H,0,0,D
05/10/2024,15:00,Brentford,Wolves,5,3,H,4,2,H
05/10/2024,15:00,Leicester,Bournemouth,1,0,H,1,0,H
05/10/2024,15:00,Man City,Fulham,3,2,H,1,1,D
05/10/2024,15:00,West Ham,Ipswich,4,1,H,2,1,H
05/10/2024,17:30,Everton,Newcastle,0,0,D,0,0,D
06/10/2024,14:00,Aston Villa,Man United,0,0,D,0,0,D
06/10/2024,14:00,Chelsea,Nott'm Forest,1,1,D,0,0,D
06/10/2024,16:30,Brighton,Tottenham,3,2,H,0,2,A
19/10/2024,12:30,Tottenham,West Ham,4,1,H,1,1,D
19/10/2024,15:00,Fulham,Aston Villa,1,3,A,1,1,D
19/10/2024,15:00,Ipswich,Everton,0,2,A,0,2,A
19/10/2024,15:00,Man United,Brentford,2,1,H,0,1,A
19/10/2024,15:00,Newcastle,Brighton,0,1,A,0,1,A
19/10/2024,15:00,Southampton,Leicester,2,3,A,2,0,H
19/10/2024,17:30,Bournemouth,Arsenal,2,0,H,0,0,D
20/10/2024,14:00,Wolves,Man City,1,2,A,1,1,D
20/10/2024,16:30,Liverpool,Chelsea,2,1,H,1,0,H
21/10/2024,20:00,Nott'm Forest,Crystal Palace,1,0,H,0,0,D
25/10/2024,20:00,Leicester,Nott'm Forest,1,3,A,1,1,D
26/10/2024,15:00,Aston Villa,Bournemouth,1,1,D,0,0,D
26/10/2024,15:00,Brentford,Ipswich,4,3,H,2,2,D
26/10/2024,15:00,Brighton,Wolves,2,2,D,1,0,H
26/10/2024,15:00,Man City,Southampton,1,0,H,1,0,H
26/10/2024,17:30,Everton,Fulham,1,1,D,0,0,D
27/10/2024,14:00,Chelsea,Newcastle,2,1,H,1,1,D
27/10/2024,14:00,Crystal Palace,Tottenham,1,0,H,1,0,H
27/10/2024,14:00,West Ham,Man United,2,1,H,0,0,D
27/10/2024,16:30,Arsenal,Liverpool,2,2,D,2,1,H
02/11/2024,12:30,Newcastle,Arsenal,1,0,H,1,0,H
02/11/2024,15:00,Bournemouth,Man City,2,1,H,1,0,H
02/11/2024,15:00,Ipswich,Leicester,1,1,D,0,0,D
02/11/2024,15:00,Liverpool,Brighton,2,1,H,0,1,A
02/11/2024,15:00,Nott'm Forest,West Ham,3,0,H,1,0,H
02/11/2024,15:00,Southampton,Everton,1,0,H,0,0,D
02/11/2024,17:30,Wolves,Crystal Palace,2,2,D,0,0,D
03/11/2024,14:00,Tottenham,Aston Villa,4,1,H,0,1,A
03/11/2024,16:30,Man United,Chelsea,1,1,D,0,0,D
04/11/2024,20:00,Fulham,Brentford,2,1,H,0,1,A
09/11/2024,15:00,Brentford,Bournemouth,3,2,H,1,1,D
09/11/2024,15:00,Crystal Palace,Fulham,0,2,A,0,1,A
09/11/2024,15:00,West Ham,Everton,0,0,D,0,0,D
09/11/2024,15:00,Wolves,Southampton,2,0,H,1,0,H
09/11/2024,17:30,Brighton,Man City,2,1,H,0,1,A
09/11/2024,20:00,Liverpool,Aston Villa,2,0,H,1,0,H
10/11/2024,14:00,Man United,Leicester,3,0,H,2,0,H
10/11/2024,14:00,Nott'm Forest,Newcastle,1,3,A,1,0,H
10/11/2024,14:00,Tottenham,Ipswich,1,2,A,0,2,A
10/11/2024,16:30,Chelsea,Arsenal,1,1,D,0,0,D
23/11/2024,12:30,Leicester,Chelsea,1,2,A,0,1,A
23/11/2024,15:00,Arsenal,Nott'm Forest,3,0,H,1,0,H
23/11/2024,15:00,Aston Villa,Crystal Palace,2,2,D,1,2,A
23/11/2024,15:00,Bournemouth,Brighton,1,2,A,0,1,A
23/11/2024,15:00,Everton,Brentford,0,0,D,0,0,D
23/11/2024,15:00,Fulham,Wolves,1,4,A,1,1,D
23/11/2024,17:30,Man City,Tottenham,0,4,A,0,2,A
24/11/2024,14:00,Southampton,Liverpool,2,3,A,1,1,D
24/11/2024,16:30,Ipswich,Man United,1,1,D,1,1,D
25/11/2024,20:00,Newcastle,West Ham,0,2,A,0,1,A
29/11/2024,20:00,Brighton,Southampton,1,1,D,1,0,H
30/11/2024,15:00,Brentford,Leicester,4,1,H,3,1,H
30/11/2024,15:00,Crystal Palace,Newcastle,1,1,D,0,0,D
30/11/2024,15:00,Nott'm Forest,Ipswich,1,0,H,0,0,D
30/11/2024,15:00,Wolves,Bournemouth,2,4,A,1,3,A
30/11/2024,17:30,West Ham,Arsenal,2,5,A,2,5,A
01/12/2024,13:30,Chelsea,Aston Villa,3,0,H,2,0,H
01/12/2024,13:30,Man United,Everton,4,0,H,2,0,H
01/12/2024,13:30,Tottenham,Fulham,1,1,D,0,0,D
01/12/2024,16:00,Liverpool,Man City,2,0,H,1,0,H
03/12/2024,19:30,Ipswich,Crystal Palace,0,1,A,0,0,D
03/12/2024,20:15,Leicester,West Ham,3,1,H,1,0,H
04/12/2024,19:30,Everton,Wolves,4,0,H,2,0,H
04/12/2024,19:30,Man City,Nott'm Forest,3,0,H,2,0,H
04/12/2024,19:30,Newcastle,Liverpool,3,3,D,1,0,H
04/12/2024,19:30,Southampton,Chelsea,1,5,A,1,3,A
04/12/2024,20:15,Arsenal,Man United,2,0,H,0,0,D
04/12/2024,20:15,Aston Villa,Brentford,3,1,H,3,0,H
05/12/2024,19:30,Fulham,Brighton,3,1,H,1,0,H
05/12/2024,20:15,Bournemouth,Tottenham,1,0,H,1,0,H
07/12/2024,15:00,Aston Villa,Southampton,1,0,H,1,0,H
07/12/2024,15:00,Brentford,Newcastle,4,2,H,2,2,D
07/12/2024,15:00,Crystal Palace,Man City,2,2,D,1,1,D
07/12/2024,17:30,Man United,Nott'm Forest,2,3,A,1,1,D
08/12/2024,14:00,Fulham,Arsenal,1,1,D,1,0,H
08/12/2024,14:00,Ipswich,Bournemouth,1,2,A,1,0,H
08/12/2024,14:00,Leicester,Brighton,2,2,D,0,1,A
08/12/2024,16:30,Tottenham,Chelsea,3,4,A,2,1,H
09/12/2024,20:00,West Ham,Wolves,2,1,H,0,0,D
14/12/2024,15:00,Arsenal,Everton,0,0,D,0,0,D
14/12/2024,15:00,Liverpool,Fulham,2,2,D,0,1,A
14/12/2024,15:00,Newcastle,Leicester,4,0,H,1,0,H
14/12/2024,15:00,Wolves,Ipswich,1,2,A,0,1,A
14/12/2024,17:30,Nott'm Forest,Aston Villa,2,1,H,0,0,D
15/12/2024,14:00,Brighton,Crystal Palace,1,3,A,0,2,A
15/12/2024,16:30,Man City,Man United,1,2,A,1,0,H
15/12/2024,19:00,Chelsea,Brentford,2,1,H,1,0,H
15/12/2024,19:00,Southampton,Tottenham,0,5,A,0,5,A
16/12/2024,20:00,Bournemouth,West Ham,1,1,D,0,0,D
21/12/2024,12:30,Aston Villa,Man City,2,1,H,1,0,H
21/12/2024,15:00,Brentford,Nott'm Forest,0,2,A,0,1,A
21/12/2024,15:00,Ipswich,Newcastle,0,4,A,0,3,A
21/12/2024,15:00,West Ham,Brighton,1,1,D,0,0,D
21/12/2024,17:30,Crystal Palace,Arsenal,1,5,A,1,3,A
22/12/2024,14:00,Everton,Chelsea,0,0,D,0,0,D
22/12/2024,14:00,Fulham,Southampton,0,0,D,0,0,D
22/12/2024,14:00,Leicester,Wolves,0,3,A,0,3,A
22/12/2024,14:00,Man United,Bournemouth,0,3,A,0,1,A
22/12/2024,16:30,Tottenham,Liverpool,3,6,A,1,3,A
26/12/2024,12:30,Man City,Everton,1,1,D,1,1,D
26/12/2024,15:00,Bournemouth,Crystal Palace,0,0,D,0,0,D
26/12/2024,15:00,Chelsea,Fulham,1,2,A,1,0,H
26/12/2024,15:00,Newcastle,Aston Villa,3,0,H,1,0,H
26/12/2024,15:00,Nott'm Forest,Tottenham,1,0,H,1,0,H
26/12/2024,15:00,Southampton,West Ham,0,1,A,0,0,D
26/12/2024,17:30,Wolves,Man United,2,0,H,0,0,D
26/12/2024,20:00,Liverpool,Leicester,3,1,H,1,1,D
27/12/2024,19:30,Brighton,Brentford,0,0,D,0,0,D
27/12/2024,20:15,Arsenal,Ipswich,1,0,H,1,0,H
29/12/2024,14:30,Leicester,Man City,0,2,A,0,1,A
29/12/2024,15:00,Crystal Palace,Southampton,2,1,H,1,1,D
29/12/2024,15:00,Everton,Nott'm Forest,0,2,A,0,1,A
29/12/2024,15:00,Fulham,Bournemouth,2,2,D,1,0,H
29/12/2024,15:00,Tottenham,Wolves,2,2,D,2,1,H
29/12/2024,17:15,West Ham,Liverpool,0,5,A,0,3,A
30/12/2024,19:45,Aston Villa,Brighton,2,2,D,1,1,D
30/12/2024,19:45,Ipswich,Chelsea,2,0,H,1,0,H
30/12/2024,20:00,Man United,Newcastle,0,2,A,0,2,A
01/01/2025,17:30,Brentford,Arsenal,1,3,A,1,1,D
04/01/2025,12:30,Tottenham,Newcastle,1,2,A,1,2,A
04/01/2025,15:00,Aston Villa,Leicester,2,1,H,0,0,D
04/01/2025,15:00,Bournemouth,Everton,1,0,H,0,0,D
04/01/2025,15:00,Crystal Palace,Chelsea,1,1,D,0,1,A
04/01/2025,15:00,Man City,West Ham,4,1,H,2,0,H
04/01/2025,15:00,Southampton,Brentford,0,5,A,0,1,A
04/01/2025,17:30,Brighton,Arsenal,1,1,D,0,1,A
05/01/2025,14:00,Fulham,Ipswich,2,2,D,0,1,A
05/01/2025,16:30,Liverpool,Man United,2,2,D,0,0,D
06/01/2025,20:00,Wolves,Nott'm Forest,0,3,A,0,2,A
14/01/2025,19:30,Brentford,Man City,2,2,D,0,0,D
14/01/2025,19:30,Chelsea,Bournemouth,2,2,D,1,0,H
14/01/2025,19:30,West Ham,Fulham,3,2,H,2,0,H
14/01/2025,20:00,Nott'm Forest,Liverpool,1,1,D,1,0,H
15/01/2025,19:30,Everton,Aston Villa,0,1,A,0,0,D
15/01/2025,19:30,Leicester,Crystal Palace,0,2,A,0,0,D
15/01/2025,19:30,Newcastle,Wolves,3,0,H,1,0,H
15/01/2025,20:00,Arsenal,Tottenham,2,1,H,2,1,H
16/01/2025,19:30,Ipswich,Brighton,0,2,A,0,0,D
16/01/2025,20:00,Man United,Southampton,3,1,H,0,1,A
18/01/2025,12:30,Newcastle,Bournemouth,1,4,A,1,2,A
18/01/2025,15:00,Brentford,Liverpool,0,2,A,0,0,D
18/01/2025,15:00,Leicester,Fulham,0,2,A,0,0,D
18/01/2025,15:00,West Ham,Crystal Palace,0,2,A,0,0,D
18/01/2025,17:30,Arsenal,Aston Villa,2,2,D,1,0,H
19/01/2025,14:00,Everton,Tottenham,3,2,H,3,0,H
19/01/2025,14:00,Man United,Brighton,1,3,A,1,1,D
19/01/2025,14:00,Nott'm Forest,Southampton,3,2,H,3,0,H
19/01/2025,16:30,Ipswich,Man City,0,6,A,0,3,A
20/01/2025,20:00,Chelsea,Wolves,3,1,H,1,1,D
25/01/2025,15:00,Bournemouth,Nott'm Forest,5,0,H,1,0,H
25/01/2025,15:00,Brighton,Everton,0,1,A,0,1,A
25/01/2025,15:00,Liverpool,Ipswich,4,1,H,3,0,H
25/01/2025,15:00,Southampton,Newcastle,1,3,A,1,2,A
25/01/2025,15:00,Wolves,Arsenal,0,1,A,0,0,D
25/01/2025,17:30,Man City,Chelsea,3,1,H,1,1,D
26/01/2025,14:00,Crystal Palace,Brentford,1,2,A,0,0,D
26/01/2025,14:00,Tottenham,Leicester,1,2,A,1,0,H
26/01/2025,16:30,Aston Villa,West Ham,1,1,D,1,0,H
26/01/2025,19:00,Fulham,Man United,0,1,A,0,0,D
01/02/2025,12:30,Nott'm Forest,Brighton,7,0,H,3,0,H
01/02/2025,15:00,Bournemouth,Liverpool,0,2,A,0,1,A
01/02/2025,15:00,Everton,Leicester,4,0,H,3,0,H
01/02/2025,15:00,Ipswich,Southampton,1,2,A,1,1,D
01/02/2025,15:00,Newcastle,Fulham,1,2,A,1,0,H
01/02/2025,17:30,Wolves,Aston Villa,2,0,H,1,0,H
02/02/2025,14:00,Brentford,Tottenham,0,2,A,0,1,A
02/02/2025,14:00,Man United,Crystal Palace,0,2,A,0,0,D
02/02/2025,16:30,Arsenal,Man City,5,1,H,1,0,H
03/02/2025,20:00,Chelsea,West Ham,2,1,H,0,1,A
12/02/2025,19:30,Everton,Liverpool,2,2,D,1,1,D
14/02/2025,20:00,Brighton,Chelsea,3,0,H,2,0,H
15/02/2025,12:30,Leicester,Arsenal,0,2,A,0,0,D
15/02/2025,15:00,Aston Villa,Ipswich,1,1,D,0,0,D
15/02/2025,15:00,Fulham,Nott'm Forest,2,1,H,1,1,D
15/02/2025,15:00,Man City,Newcastle,4,0,H,3,0,H
15/02/2025,15:00,Southampton,Bournemouth,1,3,A,0,2,A
15/02/2025,15:00,West Ham,Brentford,0,1,A,0,1,A
15/02/2025,17:30,Crystal Palace,Everton,1,2,A,0,1,A
16/02/2025,14:00,Liverpool,Wolves,2,1,H,2,0,H
16/02/2025,16:30,Tottenham,Man United,1,0,H,1,0,H
19/02/2025,19:30,Aston Villa,Liverpool,2,2,D,2,1,H
21/02/2025,20:00,Leicester,Brentford,0,4,A,0,3,A
22/02/2025,12:30,Everton,Man United,2,2,D,2,0,H
22/02/2025,15:00,Arsenal,West Ham,0,1,A,0,1,A
22/02/2025,15:00,Bournemouth,Wolves,0,1,A,0,1,A
22/02/2025,15:00,Fulham,Crystal Palace,0,2,A,0,1,A
22/02/2025,15:00,Ipswich,Tottenham,1,4,A,1,2,A
22/02/2025,15:00,Southampton,Brighton,0,4,A,0,1,A
22/02/2025,17:30,Aston Villa,Chelsea,2,1,H,0,1,A
23/02/2025,14:00,Newcastle,Nott'm Forest,4,3,H,4,1,H
23/02/2025,16:30,Man City,Liverpool,0,2,A,0,2,A
25/02/2025,19:30,Brighton,Bournemouth,2,1,H,1,0,H
25/02/2025,19:30,Crystal Palace,Aston Villa,4,1,H,1,0,H
25/02/2025,19:30,Wolves,Fulham,1,2,A,1,1,D
25/02/2025,20:15,Chelsea,Southampton,4,0,H,3,0,H
26/02/2025,19:30,Brentford,Everton,1,1,D,1,0,H
26/02/2025,19:30,Man United,Ipswich,3,2,H,2,2,D
26/02/2025,19:30,Nott'm Forest,Arsenal,0,0,D,0,0,D
26/02/2025,19:30,Tottenham,Man City,0,1,A,0,1,A
26/02/2025,20:15,Liverpool,Newcastle,2,0,H,1,0,H
27/02/2025,20:00,West Ham,Leicester,2,0,H,2,0,H
08/03/2025,12:30,Nott'm Forest,Man City,1,0,H,0,0,D
08/03/2025,15:00,Brighton,Fulham,2,1,H,1,1,D
08/03/2025,15:00,Crystal Palace,Ipswich,1,0,H,0,0,D
08/03/2025,15:00,Liverpool,Southampton,3,1,H,0,1,A
08/03/2025,17:30,Brentford,Aston Villa,0,1,A,0,0,D
08/03/2025,20:00,Wolves,Everton,1,1,D,1,1,D
09/03/2025,14:00,Chelsea,Leicester,1,0,H,0,0,D
09/03/2025,14:00,Tottenham,Bournemouth,2,2,D,0,1,A
09/03/2025,16:30,Man United,Arsenal,1,1,D,1,0,H
10/03/2025,20:00,West Ham,Newcastle,0,1,A,0,0,D
15/03/2025,15:00,Everton,West Ham,1,1,D,0,0,D
15/03/2025,15:00,Ipswich,Nott'm Forest,2,4,A,0,3,A
15/03/2025,15:00,Man City,Brighton,2,2,D,2,1,H
15/03/2025,15:00,Southampton,Wolves,1,2,A,0,1,A
15/03/2025,17:30,Bournemouth,Brentford,1,2,A,1,1,D
16/03/2025,13:30,Arsenal,Chelsea,1,0,H,1,0,H
16/03/2025,13:30,Fulham,Tottenham,2,0,H,0,0,D
16/03/2025,19:00,Leicester,Man United,0,3,A,0,1,A
01/04/2025,19:45,Arsenal,Fulham,2,1,H,1,0,H
01/04/2025,19:45,Wolves,West Ham,1,0,H,1,0,H
01/04/2025,20:00,Nott'm Forest,Man United,1,0,H,1,0,H
02/04/2025,19:45,Bournemouth,Ipswich,1,2,A,0,1,A
02/04/2025,19:45,Brighton,Aston Villa,0,3,A,0,0,D
02/04/2025,19:45,Man City,Leicester,2,0,H,2,0,H
02/04/2025,19:45,Newcastle,Brentford,2,1,H,1,0,H
02/04/2025,19:45,Southampton,Crystal Palace,1,1,D,1,0,H
02/04/2025,20:00,Liverpool,Everton,1,0,H,0,0,D
03/04/2025,20:00,Chelsea,Tottenham,1,0,H,0,0,D
05/04/2025,12:30,Everton,Arsenal,1,1,D,0,1,A
05/04/2025,15:00,Crystal Palace,Brighton,2,1,H,1,1,D
05/04/2025,15:00,Ipswich,Wolves,1,2,A,1,0,H
05/04/2025,15:00,West Ham,Bournemouth,2,2,D,0,1,A
05/04/2025,17:30,Aston Villa,Nott'm Forest,2,1,H,2,0,H
06/04/2025,14:00,Brentford,Chelsea,0,0,D,0,0,D
06/04/2025,14:00,Fulham,Liverpool,3,2,H,3,1,H
06/04/2025,14:00,Tottenham,Southampton,3,1,H,2,0,H
06/04/2025,16:30,Man United,Man City,0,0,D,0,0,D
07/04/2025,20:00,Leicester,Newcastle,0,3,A,0,3,A
12/04/2025,12:30,Man City,Crystal Palace,5,2,H,2,2,D
12/04/2025,15:00,Brighton,Leicester,2,2,D,1,1,D
12/04/2025,15:00,Nott'm Forest,Everton,0,1,A,0,0,D
12/04/2025,15:00,Southampton,Aston Villa,0,3,A,0,0,D
12/04/2025,17:30,Arsenal,Brentford,1,1,D,0,0,D
13/04/2025,14:00,Chelsea,Ipswich,2,2,D,0,2,A
13/04/2025,14:00,Liverpool,West Ham,2,1,H,1,0,H
13/04/2025,14:00,Wolves,Tottenham,4,2,H,2,0,H
13/04/2025,16:30,Newcastle,Man United,4,1,H,1,1,D
14/04/2025,20:00,Bournemouth,Fulham,1,0,H,1,0,H
16/04/2025,19:30,Newcastle,Crystal Palace,5,0,H,4,0,H
19/04/2025,15:00,Brentford,Brighton,4,2,H,1,1,D
19/04/2025,15:00,Crystal Palace,Bournemouth,0,0,D,0,0,D
19/04/2025,15:00,Everton,Man City,0,2,A,0,0,D
19/04/2025,15:00,West Ham,Southampton,1,1,D,0,0,D
19/04/2025,17:30,Aston Villa,Newcastle,4,1,H,1,1,D
20/04/2025,14:00,Fulham,Chelsea,1,2,A,1,0,H
20/04/2025,14:00,Ipswich,Arsenal,0,4,A,0,2,A
20/04/2025,14:00,Man United,Wolves,0,1,A,0,0,D
20/04/2025,16:30,Leicester,Liverpool,0,1,A,0,0,D
21/04/2025,20:00,Tottenham,Nott'm Forest,1,2,A,0,2,A
22/04/2025,20:00,Man City,Aston Villa,2,1,H,1,1,D
23/04/2025,20:00,Arsenal,Crystal Palace,2,2,D,2,1,H
26/04/2025,12:30,Chelsea,Everton,1,0,H,1,0,H
26/04/2025,15:00,Brighton,West Ham,3,2,H,1,0,H
26/04/2025,15:00,Newcastle,Ipswich,3,0,H,1,0,H
26/04/2025,15:00,Southampton,Fulham,1,2,A,1,0,H
26/04/2025,15:00,Wolves,Leicester,3,0,H,1,0,H
27/04/2025,14:00,Bournemouth,Man United,1,1,D,1,0,H
27/04/2025,16:30,Liverpool,Tottenham,5,1,H,3,1,H
01/05/2025,19:30,Nott'm Forest,Brentford,0,2,A,0,1,A
02/05/2025,20:00,Man City,Wolves,1,0,H,1,0,H
03/05/2025,12:30,Aston Villa,Fulham,1,0,H,1,0,H
03/05/2025,15:00,Everton,Ipswich,2,2,D,2,1,H
03/05/2025,15:00,Leicester,Southampton,2,0,H,2,0,H
03/05/2025,17:30,Arsenal,Bournemouth,1,2,A,1,0,H
04/05/2025,14:00,Brentford,Man United,4,3,H,2,1,H
04/05/2025,14:00,Brighton,Newcastle,1,1,D,1,0,H
04/05/2025,14:00,West Ham,Tottenham,1,1,D,1,1,D
04/05/2025,16:30,Chelsea,Liverpool,3,1,H,1,0,H
05/05/2025,20:00,Crystal Palace,Nott'm Forest,1,1,D,0,0,D
10/05/2025,15:00,Fulham,Everton,1,3,A,1,1,D
10/05/2025,15:00,Ipswich,Brentford,0,1,A,0,1,A
10/05/2025,15:00,Southampton,Man City,0,0,D,0,0,D
10/05/2025,15:00,Wolves,Brighton,0,2,A,0,1,A
10/05/2025,17:30,Bournemouth,Aston Villa,0,1,A,0,1,A
11/05/2025,12:00,Newcastle,Chelsea,2,0,H,1,0,H
11/05/2025,14:15,Man United,West Ham,0,2,A,0,1,A
11/05/2025,14:15,Nott'm Forest,Leicester,2,2,D,1,1,D
11/05/2025,14:15,Tottenham,Crystal Palace,0,2,A,0,1,A
11/05/2025,16:30,Liverpool,Arsenal,2,2,D,2,0,H
16/05/2025,19:30,Aston Villa,Tottenham,2,0,H,0,0,D
16/05/2025,20:15,Chelsea,Man United,1,0,H,0,0,D
18/05/2025,12:00,Everton,Southampton,2,0,H,2,0,H
18/05/2025,14:15,West Ham,Nott'm Forest,1,2,A,0,1,A
18/05/2025,15:00,Brentford,Fulham,2,3,A,2,1,H
18/05/2025,15:00,Leicester,Ipswich,2,0,H,1,0,H
18/05/2025,16:30,Arsenal,Newcastle,1,0,H,0,0,D
19/05/2025,20:00,Brighton,Liverpool,3,2,H,1,2,A
20/05/2025,20:00,Crystal Palace,Wolves,4,2,H,2,1,H
20/05/2025,20:00,Man City,Bournemouth,3,1,H,2,0,H
25/05/2025,16:00,Bournemouth,Leicester,2,0,H,0,0,D
25/05/2025,16:00,Fulham,Man City,0,2,A,0,1,A
25/05/2025,16:00,Ipswich,West Ham,1,3,A,0,1,A
25/05/2025,16:00,Liverpool,Crystal Palace,1,1,D,0,1,A
25/05/2025,16:00,Man United,Aston Villa,2,0,H,0,0,D
25/05/2025,16:00,Newcastle,Everton,0,1,A,0,0,D
25/05/2025,16:00,Nott'm Forest,Chelsea,0,1,A,0,0,D
25/05/2025,16:00,Southampton,Arsenal,1,2,A,0,1,A
25/05/2025,16:00,Tottenham,Brighton,1,4,A,1,0,H
25/05/2025,16:00,Wolves,Brentford,1,1,D,0,1,A
15/08/2025,20:00,Liverpool,Bournemouth,4,2,H,1,0,H
16/08/2025,12:30,Aston Villa,Newcastle,0,0,D,0,0,D
16/08/2025,15:00,Brighton,Fulham,1,1,D,0,0,D
16/08/2025,15:00,Sunderland,West Ham,3,0,H,0,0,D
16/08/2025,15:00,Tottenham,Burnley,3,0,H,1,0,H
16/08/2025,17:30,Wolves,Man City,0,4,A,0,2,A
17/08/2025,14:00,Chelsea,Crystal Palace,0,0,D,0,0,D
17/08/2025,14:00,Nott'm Forest,Brentford,3,1,H,3,0,H
17/08/2025,16:30,Man United,Arsenal,0,1,A,0,1,A
18/08/2025,20:00,Leeds,Everton,1,0,H,0,0,D